"V8","V9","id","cond","complete","info","consent","intro","sync","neutral","inst.sync","inst.neutral","coordinated.study2_9","sameteam.study2_1","connected.study1_1","trust.study1_1","similar.study2_1","happy.study1_1","frustrated.study2_1","manipcheck.study2_1","attn_1","race","hispanic.latino","memory","gender","gender_TEXT","age","DO.BR.FL_8","DO.BL.Demo","DO.Q.memory","LocationLatitude","LocationLongitude","LocationAccuracy","difftime","HowSynch","SameTeam","Connected","Trust","Similar","Happy","studytype"
0018-07-09 19:11:00,0018-07-09 19:14:00,180130,"sync",1,1,"<span style=""font-size:19px;"">Yes, I understand and wish to continue</span>",1,1,NA,1,NA,3,5,4,4,3,1,7,3,3,"White","No","Take a walk around campus, and walk in synchrony.  Do not talk with one another.","Female",NA,17,"FL_5","race|hispanic/latino|memory|gender|age","5|2|1|6",40.35949707,-74.26280212,-1,3,3,5,4,4,3,1,"imagined"
0018-07-09 21:32:00,0018-07-09 21:39:00,180388,"sync",1,1,"<span style=""font-size:19px;"">Yes, I understand and wish to continue</span>",1,1,NA,1,NA,5,7,7,6,6,4,4,6,3,"More than One Race","Yes","Take a walk around campus, and walk in synchrony.  Do not talk with one another.","Female",NA,17,"FL_5","race|hispanic/latino|age|gender|memory","5|6|2|1",42.38000488,-71.13289642,-1,7,6,7,7,6,6,4,"imagined"
0018-07-10 09:46:00,0018-07-10 09:51:00,180235,"sync",1,1,"<span style=""font-size:19px;"">Yes, I understand and wish to continue</span>",1,1,NA,1,NA,6,7,6,6,5,5,3,6,3,"White","No","Take a walk around campus, and walk in synchrony.  Do not talk with one another.","Male",NA,59,"FL_5","race|hispanic/latino|age|memory|gender","1|6|5|2",41.51119995,-71.37779999,-1,5,6,7,6,6,5,5,"imagined"
0018-07-10 12:23:00,0018-07-10 12:26:00,180835,"sync",1,1,"<span style=""font-size:19px;"">Yes, I understand and wish to continue</span>",1,1,NA,1,NA,2,5,2,4,5,4,3,5,3,"Asian","No","Take a walk around campus, and walk in synchrony.  Do not talk with one another.","Female",NA,17,"FL_5","race|hispanic/latino|age|memory|gender","2|5|6|1",42.38000488,-71.13289642,-1,3,5,5,2,4,5,4,"imagined"
0018-07-10 19:11:00,0018-07-10 19:15:00,180250,"sync",1,1,"<span style=""font-size:19px;"">Yes, I understand and wish to continue</span>",1,1,NA,1,NA,2,6,2,1,2,2,5,6,3,"Asian","No","Take a walk around campus, and walk in synchrony.  Do not talk with one another.","Female",NA,18,"FL_5","race|hispanic/latino|age|memory|gender","1|5|2|6",42.38000488,-71.13289642,-1,4,6,6,2,1,2,2,"imagined"
0018-07-11 08:47:00,0018-07-11 08:49:00,181027,"sync",1,1,"<span style=""font-size:19px;"">Yes, I understand and wish to continue</span>",1,1,NA,1,NA,7,7,5,4,6,3,2,7,3,"White","No","Take a walk around campus, and walk in synchrony.  Do not talk with one another.","Female",NA,28,"FL_5","race|hispanic/latino|age|memory|gender","6|1|2|5",40.76620483,-73.98619843,-1,2,7,7,5,4,6,3,"imagined"
0018-07-11 09:08:00,0018-07-11 09:09:00,180037,"sync",1,1,"<span style=""font-size:19px;"">Yes, I understand and wish to continue</span>",1,1,NA,1,NA,7,5,4,2,3,4,4,7,3,"Asian","No","Take a walk around campus, and walk in synchrony.  Do not talk with one another.","Female",NA,17,"FL_5","race|hispanic/latino|age|memory|gender","5|1|6|2",42.39549255,-71.18160248,-1,1,7,5,4,2,3,4,"imagined"
0018-07-11 14:35:00,0018-07-11 14:38:00,181039,"sync",1,1,"<span style=""font-size:19px;"">Yes, I understand and wish to continue</span>",1,1,NA,1,NA,5,6,6,4,4,5,5,6,3,"More than One Race","No","Take a walk around campus, and walk in synchrony.  Do not talk with one another.","Female",NA,17,"FL_5","race|hispanic/latino|gender|memory|age","5|2|6|1",42.38000488,-71.13289642,-1,3,6,6,6,4,4,5,"imagined"
0018-07-12 08:44:00,0018-07-12 08:47:00,180592,"sync",1,1,"<span style=""font-size:19px;"">Yes, I understand and wish to continue</span>",1,1,NA,1,NA,6,7,5,4,7,4,4,4,3,"White","No","Take a walk around campus, and walk in synchrony.  Do not talk with one another.","Male",NA,16,"FL_5","race|hispanic/latino|memory|gender|age","1|6|2|5",42.38000488,-71.13289642,-1,3,4,7,5,4,7,4,"imagined"
0018-07-12 09:19:00,0018-07-12 09:22:00,180424,"sync",1,1,"<span style=""font-size:19px;"">Yes, I understand and wish to continue</span>",1,1,NA,1,NA,5,6,4,4,4,3,5,6,3,"Asian","No","Take a walk around campus, and walk in synchrony.  Do not talk with one another.","Female",NA,17,"FL_5","race|hispanic/latino|age|gender|memory","5|6|1|2",42.38000488,-71.13289642,-1,3,6,6,4,4,4,3,"imagined"
0018-07-12 10:15:00,0018-07-12 10:17:00,180841,"sync",1,1,"<span style=""font-size:19px;"">Yes, I understand and wish to continue</span>",1,1,NA,1,NA,6,6,5,3,4,5,1,6,3,"More than One Race","Yes","Take a walk around campus, and walk in synchrony.  Do not talk with one another.","Female",NA,15,"FL_5","race|hispanic/latino|gender|memory|age","1|6|2|5",42.38000488,-71.13289642,-1,2,6,6,5,3,4,5,"imagined"
0018-07-12 13:21:00,0018-07-12 13:23:00,180586,"sync",1,1,"<span style=""font-size:19px;"">Yes, I understand and wish to continue</span>",1,1,NA,1,NA,6,3,3,2,6,3,4,5,3,"Asian","No","Take a walk around campus, and walk in synchrony.  Do not talk with one another.","Female",NA,16,"FL_5","race|hispanic/latino|gender|age|memory","5|6|1|2",42.38000488,-71.13289642,-1,2,5,3,3,2,6,3,"imagined"
0018-07-12 21:01:00,0018-07-12 21:04:00,180484,"sync",1,1,"<span style=""font-size:19px;"">Yes, I understand and wish to continue</span>",1,1,NA,1,NA,4,6,6,4,5,4,6,4,3,"Asian","No","Take a walk around campus, and walk in synchrony.  Do not talk with one another.","Female",NA,16,"FL_5","race|hispanic/latino|age|gender|memory","1|2|5|6",42.37309265,-71.0161972,-1,3,4,6,6,4,5,4,"imagined"
0018-07-14 20:47:00,0018-07-14 20:50:00,180520,"sync",1,1,"<span style=""font-size:19px;"">Yes, I understand and wish to continue</span>",1,1,NA,1,NA,5,6,3,1,4,4,1,6,3,"Prefer not to say","No","Take a walk around campus, and walk in synchrony.  Do not talk with one another.","Female",NA,16,"FL_5","race|hispanic/latino|memory|gender|age","5|2|6|1",42.38000488,-71.13289642,-1,3,6,6,3,1,4,4,"imagined"
0018-07-15 15:21:00,0018-07-15 15:31:00,180490,"sync",1,1,"<span style=""font-size:19px;"">Yes, I understand and wish to continue</span>",1,1,NA,1,NA,4,3,2,2,2,4,4,5,3,"Asian","No","Take a walk around campus, and walk in synchrony.  Do not talk with one another.","Female",NA,16,"FL_5","race|hispanic/latino|memory|gender|age","6|1|5|2",42.38000488,-71.13289642,-1,10,5,3,2,2,2,4,"imagined"
0018-07-16 19:18:00,0018-07-16 19:21:00,181126,"sync",1,1,"<span style=""font-size:19px;"">Yes, I understand and wish to continue</span>",1,1,NA,1,NA,7,6,5,5,5,4,4,7,3,"White","No","Take a walk around campus, and walk in synchrony.  Do not talk with one another.","Male",NA,17,"FL_5","race|hispanic/latino|gender|age|memory","6|1|5|2",42.38000488,-71.13289642,-1,3,7,6,5,5,5,4,"imagined"
0018-07-17 11:34:00,0018-07-17 11:36:00,180331,"sync",1,1,"<span style=""font-size:19px;"">Yes, I understand and wish to continue</span>",1,1,NA,1,NA,4,6,5,3,2,2,6,5,3,"Asian","No","Take a walk around campus, and walk in synchrony.  Do not talk with one another.","Male",NA,17,"FL_5","race|hispanic/latino|gender|memory|age","5|1|2|6",42.38000488,-71.13289642,-1,2,5,6,5,3,2,2,"imagined"
0018-07-17 22:09:00,0018-07-17 22:12:00,181168,"sync",1,1,"<span style=""font-size:19px;"">Yes, I understand and wish to continue</span>",1,1,NA,1,NA,6,6,5,4,4,4,4,7,3,"White","No","Take a walk around campus, and walk in synchrony.  Do not talk with one another.","Female",NA,46,"FL_5","race|hispanic/latino|gender|memory|age","2|5|1|6",42.37510681,-71.10559845,-1,3,7,6,5,4,4,4,"imagined"
0018-07-18 07:09:00,0018-07-18 07:12:00,180481,"sync",1,1,"<span style=""font-size:19px;"">Yes, I understand and wish to continue</span>",1,1,NA,1,NA,7,7,6,6,5,4,3,6,3,"White","No","Take a walk around campus, and walk in synchrony.  Do not talk with one another.","Female",NA,37,"FL_5","race|hispanic/latino|memory|gender|age","1|2|6|5",42.36459351,-71.10279846,-1,3,6,7,6,6,5,4,"imagined"
0018-07-18 17:05:00,0018-07-18 17:07:00,181414,"sync",1,1,"<span style=""font-size:19px;"">Yes, I understand and wish to continue</span>",1,1,NA,1,NA,4,5,5,3,5,4,5,5,3,"White","No","Take a walk around campus, and walk in synchrony.  Do not talk with one another.","Female",NA,28,"FL_5","race|hispanic/latino|gender|age|memory","1|5|6|2",42.18179321,-71.19619751,-1,2,5,5,5,3,5,4,"imagined"
0018-07-19 08:53:00,0018-07-19 08:55:00,180238,"sync",1,1,"<span style=""font-size:19px;"">Yes, I understand and wish to continue</span>",1,1,NA,1,NA,7,7,7,7,3,3,3,7,3,"White","No","Take a walk around campus, and walk in synchrony.  Do not talk with one another.","Female",NA,49,"FL_5","race|hispanic/latino|memory|age|gender","5|1|2|6",32.77870178,-96.82170105,-1,2,7,7,7,7,3,3,"imagined"
0018-07-20 07:32:00,0018-07-20 07:36:00,180406,"sync",1,1,"<span style=""font-size:19px;"">Yes, I understand and wish to continue</span>",1,1,NA,1,NA,6,6,4,5,5,4,3,6,3,"Asian","No","Take a walk around campus, and walk in synchrony.  Do not talk with one another.","Male",NA,15,"FL_5","race|hispanic/latino|gender|age|memory","6|2|5|1",42.38000488,-71.13289642,-1,4,6,6,4,5,5,4,"imagined"
0018-07-20 08:23:00,0018-07-20 08:28:00,180499,"sync",1,1,"<span style=""font-size:19px;"">Yes, I understand and wish to continue</span>",1,1,NA,1,NA,5,6,6,4,3,3,6,5,3,"Asian","No","Take a walk around campus, and walk in synchrony.  Do not talk with one another.","Female",NA,16,"FL_5","race|hispanic/latino|memory|age|gender","5|1|2|6",42.38000488,-71.13289642,-1,5,5,6,6,4,3,3,"imagined"
0018-07-20 08:42:00,0018-07-20 08:44:00,180352,"sync",1,1,"<span style=""font-size:19px;"">Yes, I understand and wish to continue</span>",1,1,NA,1,NA,4,5,5,2,5,4,3,4,3,"White","No","Take a walk around campus, and walk in synchrony.  Do not talk with one another.","Female",NA,16,"FL_5","race|hispanic/latino|age|memory|gender","6|5|2|1",42.39309692,-71.1344986,-1,2,4,5,5,2,5,4,"imagined"
0018-07-21 08:56:00,0018-07-21 08:59:00,180577,"sync",1,1,"<span style=""font-size:19px;"">Yes, I understand and wish to continue</span>",1,1,NA,1,NA,6,7,6,6,7,5,5,6,3,"American Indian/ Alaska Native","Yes","Take a walk around campus, and walk in synchrony.  Do not talk with one another.","Male",NA,17,"FL_5","race|hispanic/latino|memory|age|gender","1|6|2|5",42.38000488,-71.13289642,-1,3,6,7,6,6,7,5,"imagined"
0018-07-21 15:31:00,0018-07-21 15:34:00,181405,"sync",1,1,"<span style=""font-size:19px;"">Yes, I understand and wish to continue</span>",1,1,NA,1,NA,6,7,6,5,6,5,1,6,3,"White","No","Take a walk around campus, and walk in synchrony.  Do not talk with one another.","Male",NA,17,"FL_5","race|hispanic/latino|age|memory|gender","6|5|2|1",42.38000488,-71.13289642,-1,3,6,7,6,5,6,5,"imagined"
0018-07-23 15:59:00,0018-07-23 16:02:00,180412,"sync",1,1,"<span style=""font-size:19px;"">Yes, I understand and wish to continue</span>",1,1,NA,1,NA,6,6,6,6,6,6,4,5,3,"Asian","No","Take a walk around campus, and walk in synchrony.  Do not talk with one another.","Female",NA,16,"FL_5","race|hispanic/latino|age|memory|gender","2|1|5|6",42.38000488,-71.13289642,-1,3,5,6,6,6,6,6,"imagined"
0018-07-24 11:23:00,0018-07-24 11:27:00,180451,"sync",1,1,"<span style=""font-size:19px;"">Yes, I understand and wish to continue</span>",1,1,NA,1,NA,6,6,5,4,5,4,2,6,3,"Asian","No","Take a walk around campus, and walk in synchrony.  Do not talk with one another.","Male",NA,17,"FL_5","race|hispanic/latino|gender|memory|age","6|2|5|1",42.38000488,-71.13289642,-1,4,6,6,5,4,5,4,"imagined"
0018-07-25 23:23:00,0018-07-25 23:29:00,181606,"sync",1,1,"<span style=""font-size:19px;"">Yes, I understand and wish to continue</span>",1,1,NA,1,NA,4,6,5,4,5,4,2,4,3,"White","No","Take a walk around campus, and walk in synchrony.  Do not talk with one another.","Male",NA,17,"FL_5","race|hispanic/latino|age|memory|gender","5|2|1|6",42.38000488,-71.13289642,-1,6,4,6,5,4,5,4,"imagined"
0018-07-26 14:35:00,0018-07-26 14:39:00,179962,"sync",1,1,"<span style=""font-size:19px;"">Yes, I understand and wish to continue</span>",1,1,NA,1,NA,5,7,6,6,5,5,4,6,3,"White","No","Take a walk around campus, and walk in synchrony.  Do not talk with one another.","Female",NA,22,"FL_5","race|hispanic/latino|memory|age|gender","6|1|2|5",42.28930664,-71.79440308,-1,4,6,7,6,6,5,5,"imagined"
0018-07-27 16:48:00,0018-07-27 16:51:00,180187,"sync",1,1,"<span style=""font-size:19px;"">Yes, I understand and wish to continue</span>",1,1,NA,1,NA,5,5,6,3,4,4,4,5,3,"White","No","Take a walk around campus, and walk in synchrony.  Do not talk with one another.","Female",NA,24,"FL_5","race|hispanic/latino|gender|age|memory","5|2|6|1",42.32209778,-71.13339996,-1,3,5,5,6,3,4,4,"imagined"
0018-07-30 17:01:00,0018-07-30 17:05:00,181711,"sync",1,1,"<span style=""font-size:19px;"">Yes, I understand and wish to continue</span>",1,1,NA,1,NA,4,6,5,5,7,4,5,5,3,"Prefer not to say","No","Take a walk around campus, and walk in synchrony.  Do not talk with one another.","Male",NA,17,"FL_5","race|hispanic/latino|age|gender|memory","6|1|2|5",42.38000488,-71.13289642,-1,4,5,6,5,5,7,4,"imagined"
0018-07-31 08:33:00,0018-07-31 08:35:00,180397,"sync",1,1,"<span style=""font-size:19px;"">Yes, I understand and wish to continue</span>",1,1,NA,1,NA,7,6,4,3,5,2,4,5,3,"White","No","Take a walk around campus, and walk in synchrony.  Do not talk with one another.","Female",NA,31,"FL_5","race|hispanic/latino|gender|age|memory","6|1|2|5",37.75100708,-97.8219986,-1,2,5,6,4,3,5,2,"imagined"
0018-07-31 11:42:00,0018-07-31 11:45:00,180823,"sync",1,1,"<span style=""font-size:19px;"">Yes, I understand and wish to continue</span>",1,1,NA,1,NA,7,5,4,3,4,5,1,7,3,"Asian","No","Take a walk around campus, and walk in synchrony.  Do not talk with one another.","Female",NA,16,"FL_5","race|hispanic/latino|memory|gender|age","1|6|5|2",42.38000488,-71.13289642,-1,3,7,5,4,3,4,5,"imagined"
0018-07-31 21:05:00,0018-07-31 21:08:00,181765,"sync",1,1,"<span style=""font-size:19px;"">Yes, I understand and wish to continue</span>",1,1,NA,1,NA,4,6,1,1,2,3,6,7,3,"Asian","No","Take a walk around campus, and walk in synchrony.  Do not talk with one another.","Female",NA,16,"FL_5","race|hispanic/latino|age|memory|gender","5|2|1|6",42.24290466,-71.00980377,-1,3,7,6,1,1,2,3,"imagined"
0018-08-03 08:28:00,0018-08-03 08:31:00,180163,"sync",1,1,"<span style=""font-size:19px;"">Yes, I understand and wish to continue</span>",1,1,NA,1,NA,6,6,5,3,6,4,3,6,3,"Asian","No","Take a walk around campus, and walk in synchrony.  Do not talk with one another.","Male",NA,17,"FL_5","race|hispanic/latino|memory|age|gender","6|1|5|2",42.38000488,-71.13289642,-1,3,6,6,5,3,6,4,"imagined"
0018-08-08 14:00:00,0018-08-08 14:03:00,181867,"sync",1,1,"<span style=""font-size:19px;"">Yes, I understand and wish to continue</span>",1,1,NA,1,NA,2,5,2,1,6,3,3,4,3,"White","No","Take a walk around campus, and walk in synchrony.  Do not talk with one another.","Male",NA,27,"FL_5","race|hispanic/latino|memory|gender|age","6|5|2|1",42.2848053,-71.07409668,-1,3,4,5,2,1,6,3,"imagined"
0018-08-11 22:45:00,0018-08-11 22:50:00,181912,"sync",1,1,"<span style=""font-size:19px;"">Yes, I understand and wish to continue</span>",1,1,NA,1,NA,5,5,5,6,5,6,4,6,3,"Asian","No","Take a walk around campus, and walk in synchrony.  Do not talk with one another.","Female",NA,17,"FL_5","race|hispanic/latino|gender|memory|age","6|1|2|5",20,77,-1,5,6,5,5,6,5,6,"imagined"
0018-08-13 09:11:00,0018-08-13 09:13:00,181630,"sync",1,1,"<span style=""font-size:19px;"">Yes, I understand and wish to continue</span>",1,1,NA,1,NA,6,7,6,4,6,4,4,6,3,"Prefer not to say","No","Take a walk around campus, and walk in synchrony.  Do not talk with one another.","Male",NA,45,"FL_5","race|hispanic/latino|memory|age|gender","6|5|2|1",42.36459351,-71.10279846,-1,2,6,7,6,4,6,4,"imagined"
0018-07-09 20:32:00,0018-07-09 20:37:00,180268,"neutral",1,1,"<span style=""font-size:19px;"">Yes, I understand and wish to continue</span>",1,NA,1,NA,1,2,5,3,2,5,5,1,7,3,"Asian","No","Take a walk around campus.  Do not talk with one another.","Male",NA,17,"FL_7","race|hispanic/latino|gender|age|memory","5|6|1|2",42.38000488,-71.13289642,-1,5,7,5,3,2,5,5,"imagined"
0018-07-10 10:45:00,0018-07-10 10:51:00,180517,"neutral",1,1,"<span style=""font-size:19px;"">Yes, I understand and wish to continue</span>",1,NA,1,NA,1,2,1,1,2,6,4,6,3,3,"White","Yes","Take a walk around campus.  Do not talk with one another.","Female",NA,17,"FL_7","race|hispanic/latino|age|memory|gender","5|2|6|1",42.38000488,-71.13289642,-1,6,3,1,1,2,6,4,"imagined"
0018-07-10 18:03:00,0018-07-10 18:05:00,180349,"neutral",1,1,"<span style=""font-size:19px;"">Yes, I understand and wish to continue</span>",1,NA,1,NA,1,1,3,1,1,5,7,2,1,3,"Asian","No","Take a walk around campus.  Do not talk with one another.","Female",NA,17,"FL_7","race|hispanic/latino|gender|memory|age","1|2|6|5",42.38000488,-71.13289642,-1,2,1,3,1,1,5,7,"imagined"
0018-07-10 18:15:00,0018-07-10 18:21:00,180673,"neutral",1,1,"<span style=""font-size:19px;"">Yes, I understand and wish to continue</span>",1,NA,1,NA,1,6,4,1,4,4,4,5,5,3,"White","No","Take a walk around campus.  Do not talk with one another.","Female",NA,17,"FL_7","race|hispanic/latino|age|memory|gender","6|5|1|2",42.38000488,-71.13289642,-1,6,5,4,1,4,4,4,"imagined"
0018-07-10 18:51:00,0018-07-10 18:54:00,181021,"neutral",1,1,"<span style=""font-size:19px;"">Yes, I understand and wish to continue</span>",1,NA,1,NA,1,2,3,1,2,6,5,2,2,3,"More than One Race","No","Take a walk around campus.  Do not talk with one another.","Male",NA,18,"FL_7","race|hispanic/latino|gender|memory|age","5|6|2|1",42.38000488,-71.13289642,-1,3,2,3,1,2,6,5,"imagined"
0018-07-10 20:35:00,0018-07-10 20:37:00,180529,"neutral",1,1,"<span style=""font-size:19px;"">Yes, I understand and wish to continue</span>",1,NA,1,NA,1,3,2,2,2,3,4,5,3,3,"Asian","No","Take a walk around campus.  Do not talk with one another.","Female",NA,17,"FL_7","race|hispanic/latino|age|gender|memory","6|1|2|5",42.38000488,-71.13289642,-1,2,3,2,2,2,3,4,"imagined"
0018-07-11 11:56:00,0018-07-11 11:58:00,180070,"neutral",1,1,"<span style=""font-size:19px;"">Yes, I understand and wish to continue</span>",1,NA,1,NA,1,2,1,2,1,5,4,1,3,3,"Asian","No","Take a walk around campus.  Do not talk with one another.","Female",NA,17,"FL_7","race|hispanic/latino|age|gender|memory","5|2|6|1",42.38000488,-71.13289642,-1,2,3,1,2,1,5,4,"imagined"
0018-07-11 14:31:00,0018-07-11 14:34:00,180430,"neutral",1,1,"<span style=""font-size:19px;"">Yes, I understand and wish to continue</span>",1,NA,1,NA,1,3,6,5,4,5,4,4,5,3,"Asian","No","Take a walk around campus.  Do not talk with one another.","Female",NA,17,"FL_7","race|hispanic/latino|memory|age|gender","5|2|6|1",42.38000488,-71.13289642,-1,3,5,6,5,4,5,4,"imagined"
0018-07-11 17:43:00,0018-07-11 17:50:00,180745,"neutral",1,1,"<span style=""font-size:19px;"">Yes, I understand and wish to continue</span>",1,NA,1,NA,1,5,4,2,4,6,4,5,5,3,"Asian","No","Take a walk around campus.  Do not talk with one another.","Female",NA,17,"FL_7","race|hispanic/latino|age|gender|memory","6|1|5|2",42.38000488,-71.13289642,-1,7,5,4,2,4,6,4,"imagined"
0018-07-12 08:35:00,0018-07-12 08:37:00,180259,"neutral",1,1,"<span style=""font-size:19px;"">Yes, I understand and wish to continue</span>",1,NA,1,NA,1,6,3,4,2,5,5,4,5,3,"White","No","Take a walk around campus.  Do not talk with one another.","Male",NA,17,"FL_7","race|hispanic/latino|memory|gender|age","2|6|1|5",42.38000488,-71.13289642,-1,2,5,3,4,2,5,5,"imagined"
0018-07-12 08:58:00,0018-07-12 09:00:00,180265,"neutral",1,1,"<span style=""font-size:19px;"">Yes, I understand and wish to continue</span>",1,NA,1,NA,1,4,1,2,2,3,4,4,5,3,"White","No","Take a walk around campus.  Do not talk with one another.","Female",NA,15,"FL_7","race|hispanic/latino|age|memory|gender","1|5|6|2",42.38000488,-71.13289642,-1,2,5,1,2,2,3,4,"imagined"
0018-07-12 10:06:00,0018-07-12 10:08:00,181048,"neutral",1,1,"<span style=""font-size:19px;"">Yes, I understand and wish to continue</span>",1,NA,1,NA,1,4,6,2,2,1,4,5,7,3,"Prefer not to say","No","Take a walk around campus.  Do not talk with one another.","Female",NA,15,"FL_7","race|hispanic/latino|memory|gender|age","1|5|6|2",42.38000488,-71.13289642,-1,2,7,6,2,2,1,4,"imagined"
0018-07-12 11:40:00,0018-07-12 11:44:00,180247,"neutral",1,1,"<span style=""font-size:19px;"">Yes, I understand and wish to continue</span>",1,NA,1,NA,1,4,7,3,4,5,5,4,6,3,"Asian","No","Take a walk around campus.  Do not talk with one another.","Female",NA,17,"FL_7","race|hispanic/latino|memory|gender|age","1|2|6|5",42.38000488,-71.13289642,-1,4,6,7,3,4,5,5,"imagined"
0018-07-12 19:53:00,0018-07-12 19:56:00,179629,"neutral",1,1,"<span style=""font-size:19px;"">Yes, I understand and wish to continue</span>",1,NA,1,NA,1,7,5,4,4,5,7,2,5,3,"Asian","No","Take a walk around campus.  Do not talk with one another.","Female",NA,16,"FL_7","race|hispanic/latino|memory|gender|age","6|5|2|1",42.38000488,-71.13289642,-1,3,5,5,4,4,5,7,"imagined"
0018-07-13 17:34:00,0018-07-13 17:38:00,181147,"neutral",1,1,"<span style=""font-size:19px;"">Yes, I understand and wish to continue</span>",1,NA,1,NA,1,5,3,2,2,1,4,1,6,3,"Asian","No","Take a walk around campus.  Do not talk with one another.","Female",NA,15,"FL_7","race|hispanic/latino|gender|age|memory","6|2|5|1",42.38000488,-71.13289642,-1,4,6,3,2,2,1,4,"imagined"
0018-07-14 15:29:00,0018-07-14 15:34:00,180448,"neutral",1,1,"<span style=""font-size:19px;"">Yes, I understand and wish to continue</span>",1,NA,1,NA,1,4,3,3,3,4,4,2,5,3,"White","No","Take a walk around campus.  Do not talk with one another.","Female",NA,17,"FL_7","race|hispanic/latino|age|gender|memory","6|1|2|5",42.38000488,-71.13289642,-1,5,5,3,3,3,4,4,"imagined"
0018-07-14 20:56:00,0018-07-14 20:59:00,180907,"neutral",1,1,"<span style=""font-size:19px;"">Yes, I understand and wish to continue</span>",1,NA,1,NA,1,3,4,3,2,4,5,2,1,3,"Asian","No","Take a walk around campus.  Do not talk with one another.","Female",NA,16,"FL_7","race|hispanic/latino|age|memory|gender","6|2|5|1",42.38000488,-71.13289642,-1,3,1,4,3,2,4,5,"imagined"
0018-07-16 23:13:00,0018-07-16 23:16:00,181309,"neutral",1,1,"<span style=""font-size:19px;"">Yes, I understand and wish to continue</span>",1,NA,1,NA,1,5,6,6,4,6,4,5,4,3,"More than One Race","No","Take a walk around campus.  Do not talk with one another.","Female",NA,16,"FL_7","race|hispanic/latino|memory|age|gender","6|5|1|2",42.38000488,-71.13289642,-1,3,4,6,6,4,6,4,"imagined"
0018-07-17 02:53:00,0018-07-17 02:59:00,179923,"neutral",1,1,"<span style=""font-size:19px;"">Yes, I understand and wish to continue</span>",1,NA,1,NA,1,5,5,5,4,3,6,4,5,3,"Prefer not to say","Prefer not to say","Take a walk around campus.  Do not talk with one another.","Female",NA,53,"FL_7","race|hispanic/latino|age|memory|gender","1|6|2|5",50.83329773,4.333297729,-1,6,5,5,5,4,3,6,"imagined"
0018-07-17 19:22:00,0018-07-17 19:28:00,180262,"neutral",1,1,"<span style=""font-size:19px;"">Yes, I understand and wish to continue</span>",1,NA,1,NA,1,4,7,2,1,2,2,4,4,3,"White","No","Take a walk around campus.  Do not talk with one another.","Female",NA,17,"FL_7","race|hispanic/latino|gender|age|memory","1|2|6|5",42.38000488,-71.13289642,-1,6,4,7,2,1,2,2,"imagined"
0018-07-18 12:15:00,0018-07-18 12:18:00,180733,"neutral",1,1,"<span style=""font-size:19px;"">Yes, I understand and wish to continue</span>",1,NA,1,NA,1,2,4,3,3,5,3,6,2,3,"White","No","Take a walk around campus.  Do not talk with one another.","Male",NA,16,"FL_7","race|hispanic/latino|gender|age|memory","5|2|6|1",42.38000488,-71.13289642,-1,3,2,4,3,3,5,3,"imagined"
0018-07-18 19:32:00,0018-07-18 19:33:00,181189,"neutral",1,1,"<span style=""font-size:19px;"">Yes, I understand and wish to continue</span>",1,NA,1,NA,1,6,2,4,2,7,4,4,6,3,"White","No","Take a walk around campus.  Do not talk with one another.","Female",NA,23,"FL_7","race|hispanic/latino|age|memory|gender","6|2|1|5",37.75100708,-97.8219986,-1,1,6,2,4,2,7,4,"imagined"
0018-07-18 21:04:00,0018-07-18 21:06:00,181408,"neutral",1,1,"<span style=""font-size:19px;"">Yes, I understand and wish to continue</span>",1,NA,1,NA,1,6,6,5,4,4,4,4,5,3,"Prefer not to say","Prefer not to say","Take a walk around campus.  Do not talk with one another.","Male",NA,42,"FL_7","race|hispanic/latino|memory|gender|age","5|1|2|6",43.66549683,-79.42040253,-1,2,5,6,5,4,4,4,"imagined"
0018-07-19 08:56:00,0018-07-19 09:02:00,181438,"neutral",1,1,"<span style=""font-size:19px;"">Yes, I understand and wish to continue</span>",1,NA,1,NA,1,3,2,2,2,2,2,3,3,3,"Asian","No","Take a walk around campus.  Do not talk with one another.","Female",NA,15,"FL_7","race|hispanic/latino|age|gender|memory","5|6|2|1",42.38000488,-71.13289642,-1,6,3,2,2,2,2,2,"imagined"
0018-07-20 07:40:00,0018-07-20 07:42:00,180304,"neutral",1,1,"<span style=""font-size:19px;"">Yes, I understand and wish to continue</span>",1,NA,1,NA,1,6,6,6,5,5,5,1,7,3,"White","No","Take a walk around campus.  Do not talk with one another.","Male",NA,35,"FL_7","race|hispanic/latino|memory|gender|age","2|6|5|1",41.54969788,-72.65309906,-1,2,7,6,6,5,5,5,"imagined"
0018-07-20 08:32:00,0018-07-20 08:34:00,180322,"neutral",1,1,"<span style=""font-size:19px;"">Yes, I understand and wish to continue</span>",1,NA,1,NA,1,5,2,2,2,2,3,3,6,3,"White","No","Take a walk around campus.  Do not talk with one another.","Female",NA,17,"FL_7","race|hispanic/latino|memory|gender|age","6|2|1|5",42.38000488,-71.13289642,-1,2,6,2,2,2,2,3,"imagined"
0018-07-20 16:09:00,0018-07-20 16:13:00,181123,"neutral",1,1,"<span style=""font-size:19px;"">Yes, I understand and wish to continue</span>",1,NA,1,NA,1,5,6,6,6,5,4,2,6,3,"Prefer not to say","No","Take a walk around campus.  Do not talk with one another.","Male",NA,16,"FL_7","race|hispanic/latino|age|memory|gender","6|5|2|1",42.38000488,-71.13289642,-1,4,6,6,6,6,5,4,"imagined"
0018-07-24 10:12:00,0018-07-24 10:18:00,181555,"neutral",1,1,"<span style=""font-size:19px;"">Yes, I understand and wish to continue</span>",1,NA,1,NA,1,5,3,2,1,3,3,6,5,3,"Asian","No","Take a walk around campus.  Do not talk with one another.","Female",NA,16,"FL_7","race|hispanic/latino|memory|gender|age","6|2|1|5",42.38000488,-71.13289642,-1,6,5,3,2,1,3,3,"imagined"
0018-07-24 23:23:00,0018-07-24 23:26:00,178930,"neutral",1,1,"<span style=""font-size:19px;"">Yes, I understand and wish to continue</span>",1,NA,1,NA,1,5,5,4,3,4,5,2,5,3,"More than One Race","No","Take a walk around campus.  Do not talk with one another.","Female",NA,16,"FL_7","race|hispanic/latino|age|memory|gender","6|5|2|1",42.38000488,-71.13289642,-1,3,5,5,4,3,4,5,"imagined"
0018-07-25 13:10:00,0018-07-25 13:12:00,180316,"neutral",1,1,"<span style=""font-size:19px;"">Yes, I understand and wish to continue</span>",1,NA,1,NA,1,2,4,3,1,7,2,3,4,3,"Asian","No","Take a walk around campus.  Do not talk with one another.","Male",NA,18,"FL_7","race|hispanic/latino|gender|memory|age","2|5|1|6",42.38000488,-71.13289642,-1,2,4,4,3,1,7,2,"imagined"
0018-07-25 21:36:00,0018-07-25 21:37:00,181570,"neutral",1,1,"<span style=""font-size:19px;"">Yes, I understand and wish to continue</span>",1,NA,1,NA,1,5,5,2,3,6,3,6,3,3,"Asian","No","Take a walk around campus.  Do not talk with one another.","Male",NA,15,"FL_7","race|hispanic/latino|age|memory|gender","2|5|6|1",42.38000488,-71.13289642,-1,1,3,5,2,3,6,3,"imagined"
0018-07-26 21:15:00,0018-07-26 21:17:00,180313,"neutral",1,1,"<span style=""font-size:19px;"">Yes, I understand and wish to continue</span>",1,NA,1,NA,1,3,6,5,6,3,2,4,4,3,"Asian","No","Take a walk around campus.  Do not talk with one another.","Male",NA,16,"FL_7","race|hispanic/latino|memory|gender|age","2|5|1|6",42.38000488,-71.13289642,-1,2,4,6,5,6,3,2,"imagined"
0018-07-27 20:02:00,0018-07-27 20:06:00,181651,"neutral",1,1,"<span style=""font-size:19px;"">Yes, I understand and wish to continue</span>",1,NA,1,NA,1,6,5,3,5,4,4,1,5,3,"White","No","Take a walk around campus.  Do not talk with one another.","Male",NA,19,"FL_7","race|hispanic/latino|gender|memory|age","1|2|5|6",42.38000488,-71.13289642,-1,4,5,5,3,5,4,4,"imagined"
0018-07-30 14:52:00,0018-07-30 14:58:00,181720,"neutral",1,1,"<span style=""font-size:19px;"">Yes, I understand and wish to continue</span>",1,NA,1,NA,1,2,3,1,4,1,3,6,2,3,"Asian","Prefer not to say","Take a walk around campus.  Do not talk with one another.","Male",NA,21,"FL_7","race|hispanic/latino|memory|gender|age","5|2|6|1",42.38000488,-71.13289642,-1,6,2,3,1,4,1,3,"imagined"
0018-07-30 17:50:00,0018-07-30 17:53:00,180175,"neutral",1,1,"<span style=""font-size:19px;"">Yes, I understand and wish to continue</span>",1,NA,1,NA,1,3,2,2,2,2,4,4,2,3,"Asian","No","Take a walk around campus.  Do not talk with one another.","Female",NA,42,"FL_7","race|hispanic/latino|memory|age|gender","5|2|6|1",-22.87510681,-43.27749634,-1,3,2,2,2,2,2,4,"imagined"
0018-07-30 21:37:00,0018-07-30 21:41:00,181741,"neutral",1,1,"<span style=""font-size:19px;"">Yes, I understand and wish to continue</span>",1,NA,1,NA,1,5,5,3,2,2,2,4,5,3,"Prefer not to say","No","Take a walk around campus.  Do not talk with one another.","Male",NA,44,"FL_7","race|hispanic/latino|memory|age|gender","2|6|1|5",30.49980164,-97.80819702,-1,4,5,5,3,2,2,2,"imagined"
0018-07-31 17:07:00,0018-07-31 17:09:00,181762,"neutral",1,1,"<span style=""font-size:19px;"">Yes, I understand and wish to continue</span>",1,NA,1,NA,1,6,6,6,2,4,4,5,6,3,"White","No","Take a walk around campus.  Do not talk with one another.","Female",NA,16,"FL_7","race|hispanic/latino|age|gender|memory","6|5|2|1",42.38000488,-71.13289642,-1,2,6,6,6,2,4,4,"imagined"
0018-08-03 06:26:00,0018-08-03 06:31:00,180454,"neutral",1,1,"<span style=""font-size:19px;"">Yes, I understand and wish to continue</span>",1,NA,1,NA,1,5,2,6,4,4,2,6,6,3,"Prefer not to say","No","Take a walk around campus.  Do not talk with one another.","Female",NA,15,"FL_7","race|hispanic/latino|memory|age|gender","2|5|1|6",30.07710266,31.28590393,-1,5,6,2,6,4,4,2,"imagined"
0018-08-05 16:00:00,0018-08-05 16:03:00,180310,"neutral",1,1,"<span style=""font-size:19px;"">Yes, I understand and wish to continue</span>",1,NA,1,NA,1,4,5,2,2,6,4,4,5,3,"White","Yes","Take a walk around campus.  Do not talk with one another.","Female",NA,17,"FL_7","race|hispanic/latino|age|gender|memory","5|2|6|1",42.38000488,-71.13289642,-1,3,5,5,2,2,6,4,"imagined"
0018-08-15 12:33:00,0018-08-15 12:36:00,181981,"neutral",1,1,"<span style=""font-size:19px;"">Yes, I understand and wish to continue</span>",1,NA,1,NA,1,4,2,2,5,4,5,4,4,3,"Asian","No","Take a walk around campus.  Do not talk with one another.","Male",NA,23,"FL_7","race|hispanic/latino|gender|age|memory","5|1|2|6",20,77,-1,3,4,2,2,5,4,5,"imagined"
0018-07-12 12:13:00,0018-07-12 12:15:00,19490,"sync",1,1,"<span style=""font-size:19px;"">Yes, I understand and wish to continue</span>",1,1,NA,1,NA,5,6,5,3,3,3,4,5,3,"Asian","No","Take a walk around campus, and walk in synchrony.  Do not talk with one another.","Male","",19,"FL_5","race|hispanic/latino|age|gender|memory","5|2|6|1",32.88070679,-117.2359009,-1,2,5,6,5,3,3,3,"imagined"
0018-07-12 12:14:00,0018-07-12 12:16:00,15548,"sync",1,1,"<span style=""font-size:19px;"">Yes, I understand and wish to continue</span>",1,1,NA,1,NA,6,5,6,5,7,5,3,6,3,"Asian","No","Take a walk around campus, and walk in synchrony.  Do not talk with one another.","Female","",21,"FL_5","race|hispanic/latino|gender|age|memory","2|5|6|1",32.88070679,-117.2359009,-1,2,6,5,6,5,7,5,"imagined"
0018-07-12 12:52:00,0018-07-12 12:54:00,19380,"sync",1,1,"<span style=""font-size:19px;"">Yes, I understand and wish to continue</span>",1,1,NA,1,NA,2,3,3,4,2,3,6,2,3,"Asian","No","Take a walk around campus, and walk in synchrony.  Do not talk with one another.","Female","",19,"FL_5","race|hispanic/latino|memory|age|gender","2|6|1|5",32.88070679,-117.2359009,-1,2,2,3,3,4,2,3,"imagined"
0018-07-12 13:55:00,0018-07-12 13:57:00,24127,"sync",1,1,"<span style=""font-size:19px;"">Yes, I understand and wish to continue</span>",1,1,NA,1,NA,4,6,5,5,6,5,5,5,3,"Asian","No","Take a walk around campus, and walk in synchrony.  Do not talk with one another.","Female","",18,"FL_5","race|hispanic/latino|memory|age|gender","1|5|2|6",32.85940552,-117.2072983,-1,2,5,6,5,5,6,5,"imagined"
0018-07-12 14:08:00,0018-07-12 14:12:00,16968,"sync",1,1,"<span style=""font-size:19px;"">Yes, I understand and wish to continue</span>",1,1,NA,1,NA,5,3,1,1,1,2,1,3,3,"Prefer not to say","No","Take a walk around campus, and walk in synchrony.  Do not talk with one another.","Female","",21,"FL_5","race|hispanic/latino|gender|age|memory","6|2|5|1",32.88070679,-117.2359009,-1,4,3,3,1,1,1,2,"imagined"
0018-07-12 14:35:00,0018-07-12 14:38:00,17116,"sync",1,1,"<span style=""font-size:19px;"">Yes, I understand and wish to continue</span>",1,1,NA,1,NA,6,7,7,7,7,2,5,5,3,"Asian","No","Take a walk around campus, and walk in synchrony.  Do not talk with one another.","Female","",22,"FL_5","race|hispanic/latino|age|gender|memory","1|2|6|5",32.88070679,-117.2359009,-1,3,5,7,7,7,7,2,"imagined"
0018-07-12 15:14:00,0018-07-12 15:17:00,20838,"sync",1,1,"<span style=""font-size:19px;"">Yes, I understand and wish to continue</span>",1,1,NA,1,NA,6,7,4,2,3,4,5,6,3,"White","Yes","Take a walk around campus, and walk in synchrony.  Do not talk with one another.","Male","",20,"FL_5","race|hispanic/latino|memory|gender|age","1|2|6|5",32.88070679,-117.2359009,-1,3,6,7,4,2,3,4,"imagined"
0018-07-12 15:50:00,0018-07-12 15:51:00,20396,"sync",1,1,"<span style=""font-size:19px;"">Yes, I understand and wish to continue</span>",1,1,NA,1,NA,3,6,4,3,5,4,5,4,3,"Asian","No","Take a walk around campus, and walk in synchrony.  Do not talk with one another.","Female","",19,"FL_5","race|hispanic/latino|gender|age|memory","1|6|2|5",32.88070679,-117.2359009,-1,1,4,6,4,3,5,4,"imagined"
0018-07-12 19:55:00,0018-07-12 19:58:00,21125,"sync",1,1,"<span style=""font-size:19px;"">Yes, I understand and wish to continue</span>",1,1,NA,1,NA,6,4,3,3,4,3,4,6,3,"Native Hawaiian or Other Pacific Islander","No","Take a walk around campus, and walk in synchrony.  Do not talk with one another.","Male","",22,"FL_5","race|hispanic/latino|gender|age|memory","2|6|1|5",32.85940552,-117.2072983,-1,3,6,4,3,3,4,3,"imagined"
0018-07-12 23:09:00,0018-07-12 23:11:00,24438,"sync",1,1,"<span style=""font-size:19px;"">Yes, I understand and wish to continue</span>",1,1,NA,1,NA,7,7,4,5,2,5,2,7,3,"Asian","No","Take a walk around campus, and walk in synchrony.  Do not talk with one another.","Female","",19,"FL_5","race|hispanic/latino|age|memory|gender","6|5|2|1",32.88070679,-117.2359009,-1,2,7,7,4,5,2,5,"imagined"
0018-07-13 07:42:00,0018-07-13 07:46:00,19036,"sync",1,1,"<span style=""font-size:19px;"">Yes, I understand and wish to continue</span>",1,1,NA,1,NA,5,6,5,4,4,3,5,5,3,"Asian","No","Take a walk around campus, and walk in synchrony.  Do not talk with one another.","Female","",19,"FL_5","race|hispanic/latino|memory|age|gender","6|2|1|5",34.0092926,-118.2584,-1,4,5,6,5,4,4,3,"imagined"
0018-07-13 11:15:00,0018-07-13 11:21:00,26581,"sync",1,1,"<span style=""font-size:19px;"">Yes, I understand and wish to continue</span>",1,1,NA,1,NA,7,5,1,3,3,4,4,3,3,"Asian","No","Take a walk around campus, and walk in synchrony.  Do not talk with one another.","Male","",20,"FL_5","race|hispanic/latino|gender|age|memory","5|1|6|2",32.95700073,-117.1978989,-1,6,3,5,1,3,3,4,"imagined"
0018-07-13 16:41:00,0018-07-13 16:44:00,21225,"sync",1,1,"<span style=""font-size:19px;"">Yes, I understand and wish to continue</span>",1,1,NA,1,NA,7,7,3,4,4,3,4,7,3,"White","No","Take a walk around campus, and walk in synchrony.  Do not talk with one another.","Female","",22,"FL_5","race|hispanic/latino|memory|gender|age","2|5|1|6",33.57170105,-117.7288971,-1,3,7,7,3,4,4,3,"imagined"
0018-07-13 17:49:00,0018-07-13 17:51:00,23427,"sync",1,1,"<span style=""font-size:19px;"">Yes, I understand and wish to continue</span>",1,1,NA,1,NA,6,6,6,6,6,5,4,5,3,"Asian","No","Take a walk around campus, and walk in synchrony.  Do not talk with one another.","Female","",19,"FL_5","race|hispanic/latino|age|memory|gender","6|2|5|1",32.88070679,-117.2359009,-1,2,5,6,6,6,6,5,"imagined"
0018-07-13 19:50:00,0018-07-13 19:55:00,22499,"sync",1,1,"<span style=""font-size:19px;"">Yes, I understand and wish to continue</span>",1,1,NA,1,NA,7,6,4,2,3,4,1,7,3,"White","No","Take a walk around campus, and walk in synchrony.  Do not talk with one another.","Female","",21,"FL_5","race|hispanic/latino|gender|memory|age","6|2|1|5",32.79769897,-117.2335052,-1,5,7,6,4,2,3,4,"imagined"
0018-07-14 01:12:00,0018-07-14 01:15:00,18314,"sync",1,1,"<span style=""font-size:19px;"">Yes, I understand and wish to continue</span>",1,1,NA,1,NA,4,6,5,3,4,4,2,6,3,"Asian","No","Take a walk around campus, and walk in synchrony.  Do not talk with one another.","Female","",20,"FL_5","race|hispanic/latino|memory|age|gender","2|1|6|5",32.85940552,-117.2072983,-1,3,6,6,5,3,4,4,"imagined"
0018-07-14 12:29:00,0018-07-14 12:34:00,15694,"sync",1,1,"<span style=""font-size:19px;"">Yes, I understand and wish to continue</span>",1,1,NA,1,NA,6,7,5,5,6,6,1,7,3,"Asian","No","Take a walk around campus, and walk in synchrony.  Do not talk with one another.","Female","",20,"FL_5","race|hispanic/latino|age|memory|gender","1|2|5|6",32.85940552,-117.2072983,-1,5,7,7,5,5,6,6,"imagined"
0018-07-14 15:21:00,0018-07-14 15:23:00,23283,"sync",1,1,"<span style=""font-size:19px;"">Yes, I understand and wish to continue</span>",1,1,NA,1,NA,3,1,1,1,2,1,2,2,3,"More than One Race","Yes","Take a walk around campus, and walk in synchrony.  Do not talk with one another.","Female","",22,"FL_5","race|hispanic/latino|gender|age|memory","5|1|6|2",32.77360535,-115.6022034,-1,2,2,1,1,1,2,1,"imagined"
0018-07-15 03:47:00,0018-07-15 03:52:00,20619,"sync",1,1,"<span style=""font-size:19px;"">Yes, I understand and wish to continue</span>",1,1,NA,1,NA,5,5,3,4,5,3,4,5,3,"Asian","No","Take a walk around campus, and walk in synchrony.  Do not talk with one another.","Female","",20,"FL_5","race|hispanic/latino|age|memory|gender","1|6|2|5",33.6053009,-117.7173004,-1,5,5,5,3,4,5,3,"imagined"
0018-07-15 14:27:00,0018-07-15 14:33:00,18224,"sync",1,1,"<span style=""font-size:19px;"">Yes, I understand and wish to continue</span>",1,1,NA,1,NA,6,6,6,7,5,4,5,6,3,"Asian","No","Take a walk around campus, and walk in synchrony.  Do not talk with one another.","Female","",20,"FL_5","race|hispanic/latino|memory|age|gender","6|2|1|5",32.95700073,-117.1978989,-1,6,6,6,6,7,5,4,"imagined"
0018-07-15 17:21:00,0018-07-15 17:22:00,15048,"sync",1,1,"<span style=""font-size:19px;"">Yes, I understand and wish to continue</span>",1,1,NA,1,NA,4,6,6,5,6,5,2,6,3,"Asian","No","Take a walk around campus, and walk in synchrony.  Do not talk with one another.","Female","",22,"FL_5","race|hispanic/latino|gender|age|memory","5|2|6|1",33.09579468,-117.2720947,-1,1,6,6,6,5,6,5,"imagined"
0018-07-15 20:24:00,0018-07-15 20:27:00,21149,"sync",1,1,"<span style=""font-size:19px;"">Yes, I understand and wish to continue</span>",1,1,NA,1,NA,5,4,5,4,5,4,2,4,3,"Prefer not to say","Yes","Take a walk around campus, and walk in synchrony.  Do not talk with one another.","Male","",21,"FL_5","race|hispanic/latino|gender|memory|age","1|6|5|2",32.88070679,-117.2359009,-1,3,4,4,5,4,5,4,"imagined"
0018-07-15 21:57:00,0018-07-15 22:05:00,26649,"sync",1,1,"<span style=""font-size:19px;"">Yes, I understand and wish to continue</span>",1,1,NA,1,NA,4,5,5,3,5,4,4,5,3,"Prefer not to say","Yes","Take a walk around campus, and walk in synchrony.  Do not talk with one another.","Female","",20,"FL_5","race|hispanic/latino|age|gender|memory","1|2|6|5",32.88070679,-117.2359009,-1,8,5,5,5,3,5,4,"imagined"
0018-07-15 22:47:00,0018-07-15 22:50:00,26611,"sync",1,1,"<span style=""font-size:19px;"">Yes, I understand and wish to continue</span>",1,1,NA,1,NA,4,4,4,4,4,4,5,5,3,"Prefer not to say","Yes","Take a walk around campus, and walk in synchrony.  Do not talk with one another.","Male","",23,"FL_5","race|hispanic/latino|age|memory|gender","1|2|5|6",32.61019897,-117.0296021,-1,3,5,4,4,4,4,4,"imagined"
0018-07-15 23:41:00,0018-07-15 23:46:00,25839,"sync",1,1,"<span style=""font-size:19px;"">Yes, I understand and wish to continue</span>",1,1,NA,1,NA,4,4,4,4,5,4,4,4,3,"Asian","No","Take a walk around campus, and walk in synchrony.  Do not talk with one another.","Female","",24,"FL_5","race|hispanic/latino|gender|memory|age","6|5|2|1",32.8072052,-117.1649017,-1,5,4,4,4,4,5,4,"imagined"
0018-07-16 09:12:00,0018-07-16 09:16:00,18759,"sync",1,1,"<span style=""font-size:19px;"">Yes, I understand and wish to continue</span>",1,1,NA,1,NA,3,5,3,3,5,4,3,2,3,"More than One Race","Yes","Take a walk around campus, and walk in synchrony.  Do not talk with one another.","Male","",25,"FL_5","race|hispanic/latino|memory|gender|age","6|1|2|5",32.77920532,-117.1893997,-1,4,2,5,3,3,5,4,"imagined"
0018-07-16 10:14:00,0018-07-16 10:16:00,24780,"sync",1,1,"<span style=""font-size:19px;"">Yes, I understand and wish to continue</span>",1,1,NA,1,NA,4,6,3,6,7,3,1,4,3,"Asian","No","Take a walk around campus, and walk in synchrony.  Do not talk with one another.","Female","",20,"FL_5","race|hispanic/latino|gender|age|memory","6|2|5|1",32.88070679,-117.2359009,-1,2,4,6,3,6,7,3,"imagined"
0018-07-16 12:01:00,0018-07-16 12:03:00,21529,"sync",1,1,"<span style=""font-size:19px;"">Yes, I understand and wish to continue</span>",1,1,NA,1,NA,3,5,6,1,3,4,5,2,3,"White","No","Take a walk around campus, and walk in synchrony.  Do not talk with one another.","Male","",20,"FL_5","race|hispanic/latino|memory|gender|age","1|6|5|2",32.88070679,-117.2359009,-1,2,2,5,6,1,3,4,"imagined"
0018-07-16 12:55:00,0018-07-16 12:57:00,25436,"sync",1,1,"<span style=""font-size:19px;"">Yes, I understand and wish to continue</span>",1,1,NA,1,NA,6,5,5,3,3,5,3,4,3,"Asian","No","Take a walk around campus, and walk in synchrony.  Do not talk with one another.","Female","",20,"FL_5","race|hispanic/latino|age|memory|gender","1|5|2|6",32.95700073,-117.1978989,-1,2,4,5,5,3,3,5,"imagined"
0018-07-16 13:17:00,0018-07-16 13:20:00,20904,"sync",1,1,"<span style=""font-size:19px;"">Yes, I understand and wish to continue</span>",1,1,NA,1,NA,7,5,4,5,7,3,5,6,3,"More than One Race","Yes","Take a walk around campus, and walk in synchrony.  Do not talk with one another.","Female","",19,"FL_5","race|hispanic/latino|age|memory|gender","1|6|2|5",32.88070679,-117.2359009,-1,3,6,5,4,5,7,3,"imagined"
0018-07-16 16:17:00,0018-07-16 16:27:00,15173,"sync",1,1,"<span style=""font-size:19px;"">Yes, I understand and wish to continue</span>",1,1,NA,1,NA,7,5,4,4,4,4,4,4,3,"Asian","No","Take a walk around campus, and walk in synchrony.  Do not talk with one another.","Male","",21,"FL_5","race|hispanic/latino|age|gender|memory","5|6|2|1",32.88070679,-117.2359009,-1,10,4,5,4,4,4,4,"imagined"
0018-07-16 17:16:00,0018-07-16 17:20:00,13611,"sync",1,1,"<span style=""font-size:19px;"">Yes, I understand and wish to continue</span>",1,1,NA,1,NA,7,4,7,4,7,4,4,7,3,"Prefer not to say","Prefer not to say","Take a walk around campus, and walk in synchrony.  Do not talk with one another.","Female","",22,"FL_5","race|hispanic/latino|gender|age|memory","6|1|5|2",32.88070679,-117.2359009,-1,4,7,4,7,4,7,4,"imagined"
0018-07-16 18:05:00,0018-07-16 18:07:00,2333,"sync",1,1,"<span style=""font-size:19px;"">Yes, I understand and wish to continue</span>",1,1,NA,1,NA,7,7,5,3,6,4,3,7,3,"Asian","No","Take a walk around campus, and walk in synchrony.  Do not talk with one another.","Female","",23,"FL_5","race|hispanic/latino|gender|memory|age","1|2|6|5",32.95700073,-117.1978989,-1,2,7,7,5,3,6,4,"imagined"
0018-07-16 19:30:00,0018-07-16 19:32:00,17756,"sync",1,1,"<span style=""font-size:19px;"">Yes, I understand and wish to continue</span>",1,1,NA,1,NA,6,7,4,2,4,4,2,6,3,"Asian","No","Take a walk around campus, and walk in synchrony.  Do not talk with one another.","Female","",22,"FL_5","race|hispanic/latino|gender|memory|age","6|2|5|1",32.88070679,-117.2359009,-1,2,6,7,4,2,4,4,"imagined"
0018-07-16 22:03:00,0018-07-16 22:06:00,13928,"sync",1,1,"<span style=""font-size:19px;"">Yes, I understand and wish to continue</span>",1,1,NA,1,NA,4,4,4,4,6,3,6,3,3,"White","No","Take a walk around campus, and walk in synchrony.  Do not talk with one another.","Female","",21,"FL_5","race|hispanic/latino|gender|memory|age","2|6|5|1",32.85940552,-117.2072983,-1,3,3,4,4,4,6,3,"imagined"
0018-07-17 12:51:00,0018-07-17 12:54:00,23198,"sync",1,1,"<span style=""font-size:19px;"">Yes, I understand and wish to continue</span>",1,1,NA,1,NA,3,3,3,3,6,4,3,3,3,"Asian","No","Take a walk around campus, and walk in synchrony.  Do not talk with one another.","Female","",20,"FL_5","race|hispanic/latino|age|gender|memory","1|5|6|2",32.88070679,-117.2359009,-1,3,3,3,3,3,6,4,"imagined"
0018-07-17 13:21:00,0018-07-17 13:23:00,19497,"sync",1,1,"<span style=""font-size:19px;"">Yes, I understand and wish to continue</span>",1,1,NA,1,NA,3,6,6,6,6,4,5,4,3,"More than One Race","No","Take a walk around campus, and walk in synchrony.  Do not talk with one another.","Female","",26,"FL_5","race|hispanic/latino|gender|age|memory","1|6|2|5",32.88070679,-117.2359009,-1,2,4,6,6,6,6,4,"imagined"
0018-07-17 14:04:00,0018-07-17 14:06:00,16006,"sync",1,1,"<span style=""font-size:19px;"">Yes, I understand and wish to continue</span>",1,1,NA,1,NA,5,6,6,6,6,4,2,6,3,"Asian","No","Take a walk around campus, and walk in synchrony.  Do not talk with one another.","Female","",21,"FL_5","race|hispanic/latino|gender|age|memory","2|6|5|1",32.84049988,-116.8796997,-1,2,6,6,6,6,6,4,"imagined"
0018-07-17 15:42:00,0018-07-17 15:45:00,19794,"sync",1,1,"<span style=""font-size:19px;"">Yes, I understand and wish to continue</span>",1,1,NA,1,NA,6,7,6,5,5,6,4,6,3,"White","Yes","Take a walk around campus, and walk in synchrony.  Do not talk with one another.","Male","",20,"FL_5","race|hispanic/latino|gender|memory|age","6|5|2|1",32.88070679,-117.2359009,-1,3,6,7,6,5,5,6,"imagined"
0018-07-17 17:47:00,0018-07-17 17:49:00,16593,"sync",1,1,"<span style=""font-size:19px;"">Yes, I understand and wish to continue</span>",1,1,NA,1,NA,6,6,3,3,3,4,3,5,3,"White","Yes","Take a walk around campus, and walk in synchrony.  Do not talk with one another.","Female","",22,"FL_5","race|hispanic/latino|age|gender|memory","1|6|2|5",32.88070679,-117.2359009,-1,2,5,6,3,3,3,4,"imagined"
0018-07-17 22:44:00,0018-07-17 22:46:00,26599,"sync",1,1,"<span style=""font-size:19px;"">Yes, I understand and wish to continue</span>",1,1,NA,1,NA,5,3,5,3,3,2,4,5,3,"Asian","No","Take a walk around campus, and walk in synchrony.  Do not talk with one another.","Male","",19,"FL_5","race|hispanic/latino|age|memory|gender","2|6|1|5",32.56939697,-117.0158005,-1,2,5,3,5,3,3,2,"imagined"
0018-07-17 23:03:00,0018-07-17 23:06:00,19335,"sync",1,1,"<span style=""font-size:19px;"">Yes, I understand and wish to continue</span>",1,1,NA,1,NA,6,7,6,6,6,4,4,6,3,"Asian","No","Take a walk around campus, and walk in synchrony.  Do not talk with one another.","Female","",24,"FL_5","race|hispanic/latino|age|gender|memory","2|1|6|5",32.88070679,-117.2359009,-1,3,6,7,6,6,6,4,"imagined"
0018-07-18 00:16:00,0018-07-18 00:18:00,24311,"sync",1,1,"<span style=""font-size:19px;"">Yes, I understand and wish to continue</span>",1,1,NA,1,NA,4,5,3,2,5,1,2,4,3,"More than One Race","No","Take a walk around campus, and walk in synchrony.  Do not talk with one another.","Female","",21,"FL_5","race|hispanic/latino|memory|age|gender","1|5|6|2",32.85940552,-117.2072983,-1,2,4,5,3,2,5,1,"imagined"
0018-07-18 01:16:00,0018-07-18 01:18:00,21143,"sync",1,1,"<span style=""font-size:19px;"">Yes, I understand and wish to continue</span>",1,1,NA,1,NA,6,7,3,3,5,4,4,6,3,"Asian","No","Take a walk around campus, and walk in synchrony.  Do not talk with one another.","Female","",21,"FL_5","race|hispanic/latino|memory|age|gender","1|6|5|2",32.86669922,-117.2481003,-1,2,6,7,3,3,5,4,"imagined"
0018-07-18 09:30:00,0018-07-18 09:32:00,26245,"sync",1,1,"<span style=""font-size:19px;"">Yes, I understand and wish to continue</span>",1,1,NA,1,NA,6,2,2,2,2,3,2,5,3,"Asian","No","Take a walk around campus, and walk in synchrony.  Do not talk with one another.","Male","",21,"FL_5","race|hispanic/latino|gender|age|memory","1|6|2|5",32.85940552,-117.2072983,-1,2,5,2,2,2,2,3,"imagined"
0018-07-18 18:33:00,0018-07-18 18:36:00,23465,"sync",1,1,"<span style=""font-size:19px;"">Yes, I understand and wish to continue</span>",1,1,NA,1,NA,3,4,3,3,6,2,5,3,3,"White","Yes","Take a walk around campus, and walk in synchrony.  Do not talk with one another.","Female","",20,"FL_5","race|hispanic/latino|gender|age|memory","1|5|6|2",32.85940552,-117.2072983,-1,3,3,4,3,3,6,2,"imagined"
0018-07-19 11:57:00,0018-07-19 11:59:00,25672,"sync",1,1,"<span style=""font-size:19px;"">Yes, I understand and wish to continue</span>",1,1,NA,1,NA,3,5,2,3,5,2,5,4,3,"Asian","No","Take a walk around campus, and walk in synchrony.  Do not talk with one another.","Female","",20,"FL_5","race|hispanic/latino|memory|age|gender","6|1|5|2",32.88070679,-117.2359009,-1,2,4,5,2,3,5,2,"imagined"
0018-07-20 20:01:00,0018-07-20 20:03:00,24322,"sync",1,1,"<span style=""font-size:19px;"">Yes, I understand and wish to continue</span>",1,1,NA,1,NA,7,7,6,5,7,5,3,7,3,"White","No","Take a walk around campus, and walk in synchrony.  Do not talk with one another.","Female","",20,"FL_5","race|hispanic/latino|memory|age|gender","1|5|2|6",32.85940552,-117.2072983,-1,2,7,7,6,5,7,5,"imagined"
0018-08-15 23:10:00,0018-08-15 23:13:00,26224,"sync",1,1,"<span style=""font-size:19px;"">Yes, I understand and wish to continue</span>",1,1,NA,1,NA,5,7,6,5,5,6,4,5,3,"White","No","Take a walk around campus, and walk in synchrony.  Do not talk with one another.","Male","",20,"FL_5","race|hispanic/latino|gender|memory|age","6|1|5|2",32.85940552,-117.2072983,-1,3,5,7,6,5,5,6,"imagined"
0018-08-16 12:14:00,0018-08-16 12:17:00,14173,"sync",1,1,"<span style=""font-size:19px;"">Yes, I understand and wish to continue</span>",1,1,NA,1,NA,5,4,3,3,5,4,2,6,3,"Prefer not to say","Yes","Take a walk around campus, and walk in synchrony.  Do not talk with one another.","Female","",22,"FL_5","race|hispanic/latino|gender|age|memory","2|5|6|1",32.88070679,-117.2359009,-1,3,6,4,3,3,5,4,"imagined"
0018-08-16 12:52:00,0018-08-16 12:55:00,25073,"sync",1,1,"<span style=""font-size:19px;"">Yes, I understand and wish to continue</span>",1,1,NA,1,NA,5,7,5,5,4,5,3,4,3,"Asian","No","Take a walk around campus, and walk in synchrony.  Do not talk with one another.","Female","",29,"FL_5","race|hispanic/latino|age|gender|memory","2|6|1|5",32.88070679,-117.2359009,-1,3,4,7,5,5,4,5,"imagined"
0018-08-17 12:30:00,0018-08-17 12:32:00,19753,"sync",1,1,"<span style=""font-size:19px;"">Yes, I understand and wish to continue</span>",1,1,NA,1,NA,2,5,3,4,6,2,2,5,3,"Asian","No","Take a walk around campus, and walk in synchrony.  Do not talk with one another.","Female","",22,"FL_5","race|hispanic/latino|memory|age|gender","6|1|5|2",32.85940552,-117.2072983,-1,2,5,5,3,4,6,2,"imagined"
0018-08-17 21:22:00,0018-08-17 21:24:00,26648,"sync",1,1,"<span style=""font-size:19px;"">Yes, I understand and wish to continue</span>",1,1,NA,1,NA,7,7,6,5,7,5,5,7,3,"More than One Race","Yes","Take a walk around campus, and walk in synchrony.  Do not talk with one another.","Female","",24,"FL_5","race|hispanic/latino|gender|age|memory","2|6|5|1",32.86669922,-117.2481003,-1,2,7,7,6,5,7,5,"imagined"
0018-08-18 00:01:00,0018-08-18 00:04:00,16121,"sync",1,1,"<span style=""font-size:19px;"">Yes, I understand and wish to continue</span>",1,1,NA,1,NA,5,6,5,4,6,5,5,6,3,"More than One Race","Yes","Take a walk around campus, and walk in synchrony.  Do not talk with one another.","Female","",24,"FL_5","race|hispanic/latino|age|memory|gender","2|1|5|6",32.80729675,-117.1324005,-1,3,6,6,5,4,6,5,"imagined"
0018-08-18 23:48:00,0018-08-18 23:52:00,20880,"sync",1,1,"<span style=""font-size:19px;"">Yes, I understand and wish to continue</span>",1,1,NA,1,NA,6,5,5,2,2,4,4,6,3,"More than One Race","Yes","Take a walk around campus, and walk in synchrony.  Do not talk with one another.","Female","",20,"FL_5","race|hispanic/latino|age|memory|gender","1|5|6|2",32.85940552,-117.2072983,-1,4,6,5,5,2,2,4,"imagined"
0018-08-19 00:38:00,0018-08-19 00:40:00,26608,"sync",1,1,"<span style=""font-size:19px;"">Yes, I understand and wish to continue</span>",1,1,NA,1,NA,4,2,2,3,3,4,4,3,3,"Asian","No","Take a walk around campus, and walk in synchrony.  Do not talk with one another.","Male","",19,"FL_5","race|hispanic/latino|age|memory|gender","5|6|1|2",32.73710632,-117.0881042,-1,2,3,2,2,3,3,4,"imagined"
0018-08-19 16:00:00,0018-08-19 16:02:00,19751,"sync",1,1,"<span style=""font-size:19px;"">Yes, I understand and wish to continue</span>",1,1,NA,1,NA,7,6,4,2,5,4,4,7,3,"More than One Race","No","Take a walk around campus, and walk in synchrony.  Do not talk with one another.","Female","",20,"FL_5","race|hispanic/latino|age|gender|memory","1|6|5|2",32.88969421,-117.1335983,-1,2,7,6,4,2,5,4,"imagined"
0018-08-20 11:36:00,0018-08-20 11:40:00,23237,"sync",1,1,"<span style=""font-size:19px;"">Yes, I understand and wish to continue</span>",1,1,NA,1,NA,3,2,2,2,7,4,4,3,3,"Native Hawaiian or Other Pacific Islander","No","Take a walk around campus, and walk in synchrony.  Do not talk with one another.","Female","",23,"FL_5","race|hispanic/latino|gender|age|memory","1|2|5|6",32.88070679,-117.2359009,-1,4,3,2,2,2,7,4,"imagined"
0018-08-20 23:55:00,0018-08-20 23:57:00,26730,"sync",1,1,"<span style=""font-size:19px;"">Yes, I understand and wish to continue</span>",1,1,NA,1,NA,5,7,5,4,4,6,4,6,3,"White","No","Take a walk around campus, and walk in synchrony.  Do not talk with one another.","Female","",22,"FL_5","race|hispanic/latino|gender|memory|age","6|2|1|5",32.85940552,-117.2072983,-1,2,6,7,5,4,4,6,"imagined"
0018-08-22 18:57:00,0018-08-22 18:59:00,23020,"sync",1,1,"<span style=""font-size:19px;"">Yes, I understand and wish to continue</span>",1,1,NA,1,NA,4,6,5,4,4,6,1,5,3,"Asian","No","Take a walk around campus, and walk in synchrony.  Do not talk with one another.","Female","",20,"FL_5","race|hispanic/latino|memory|age|gender","1|5|6|2",32.85940552,-117.2072983,-1,2,5,6,5,4,4,6,"imagined"
0018-08-23 14:10:00,0018-08-23 14:12:00,25556,"sync",1,1,"<span style=""font-size:19px;"">Yes, I understand and wish to continue</span>",1,1,NA,1,NA,5,4,4,3,4,4,3,5,3,"More than One Race","No","Take a walk around campus, and walk in synchrony.  Do not talk with one another.","Male","",19,"FL_5","race|hispanic/latino|memory|gender|age","6|2|5|1",32.88070679,-117.2359009,-1,2,5,4,4,3,4,4,"imagined"
0018-08-23 18:22:00,0018-08-23 18:24:00,22230,"sync",1,1,"<span style=""font-size:19px;"">Yes, I understand and wish to continue</span>",1,1,NA,1,NA,6,7,3,5,5,5,1,6,3,"More than One Race","Yes","Take a walk around campus, and walk in synchrony.  Do not talk with one another.","Female","",23,"FL_5","race|hispanic/latino|memory|gender|age","2|6|5|1",33.13870239,-116.9849014,-1,2,6,7,3,5,5,5,"imagined"
0018-08-23 22:36:00,0018-08-23 22:38:00,24856,"sync",1,1,"<span style=""font-size:19px;"">Yes, I understand and wish to continue</span>",1,1,NA,1,NA,7,2,6,4,3,3,6,7,3,"Prefer not to say","No","Take a walk around campus, and walk in synchrony.  Do not talk with one another.","Female","",21,"FL_5","race|hispanic/latino|age|memory|gender","6|2|5|1",37.75100708,-97.8219986,-1,2,7,2,6,4,3,3,"imagined"
0018-08-24 10:58:00,0018-08-24 10:59:00,21584,"sync",1,1,"<span style=""font-size:19px;"">Yes, I understand and wish to continue</span>",1,1,NA,1,NA,4,6,4,2,3,2,2,4,3,"Asian","No","Take a walk around campus, and walk in synchrony.  Do not talk with one another.","Male","",24,"FL_5","race|hispanic/latino|memory|age|gender","5|2|6|1",32.85940552,-117.2072983,-1,1,4,6,4,2,3,2,"imagined"
0018-08-26 14:16:00,0018-08-26 14:20:00,16391,"sync",1,1,"<span style=""font-size:19px;"">Yes, I understand and wish to continue</span>",1,1,NA,1,NA,6,6,4,3,3,2,6,5,3,"White","No","Take a walk around campus, and walk in synchrony.  Do not talk with one another.","Female","",21,"FL_5","race|hispanic/latino|memory|gender|age","1|6|5|2",32.85940552,-117.2072983,-1,4,5,6,4,3,3,2,"imagined"
0018-08-27 00:44:00,0018-08-27 00:46:00,26631,"sync",1,1,"<span style=""font-size:19px;"">Yes, I understand and wish to continue</span>",1,1,NA,1,NA,5,3,1,1,5,4,3,4,3,"Asian","No","Take a walk around campus, and walk in synchrony.  Do not talk with one another.","Female","",19,"FL_5","race|hispanic/latino|memory|gender|age","6|1|5|2",32.88070679,-117.2359009,-1,2,4,3,1,1,5,4,"imagined"
0018-08-27 10:16:00,0018-08-27 10:18:00,21360,"sync",1,1,"<span style=""font-size:19px;"">Yes, I understand and wish to continue</span>",1,1,NA,1,NA,3,6,5,4,4,3,7,4,3,"Asian","No","Take a walk around campus, and walk in synchrony.  Do not talk with one another.","Male","",21,"FL_5","race|hispanic/latino|gender|memory|age","5|6|2|1",32.88070679,-117.2359009,-1,2,4,6,5,4,4,3,"imagined"
0018-08-27 13:40:00,0018-08-27 13:44:00,21285,"sync",1,1,"<span style=""font-size:19px;"">Yes, I understand and wish to continue</span>",1,1,NA,1,NA,6,6,6,4,4,5,2,6,3,"Asian","No","Take a walk around campus, and walk in synchrony.  Do not talk with one another.","Female","",19,"FL_5","race|hispanic/latino|age|memory|gender","6|5|1|2",32.88070679,-117.2359009,-1,4,6,6,6,4,4,5,"imagined"
0018-08-27 17:02:00,0018-08-27 17:07:00,24799,"sync",1,1,"<span style=""font-size:19px;"">Yes, I understand and wish to continue</span>",1,1,NA,1,NA,5,6,5,5,5,4,5,5,3,"Asian","No","Take a walk around campus, and walk in synchrony.  Do not talk with one another.","Female","",20,"FL_5","race|hispanic/latino|gender|age|memory","1|6|2|5",32.88969421,-117.1335983,-1,5,5,6,5,5,5,4,"imagined"
0018-08-27 18:01:00,0018-08-27 18:04:00,19686,"sync",1,1,"<span style=""font-size:19px;"">Yes, I understand and wish to continue</span>",1,1,NA,1,NA,5,7,5,4,4,5,4,7,3,"White","No","Take a walk around campus, and walk in synchrony.  Do not talk with one another.","Male","",23,"FL_5","race|hispanic/latino|gender|age|memory","5|1|6|2",32.88070679,-117.2359009,-1,3,7,7,5,4,4,5,"imagined"
0018-07-12 12:12:00,0018-07-12 12:16:00,20189,"neutral",1,1,"<span style=""font-size:19px;"">Yes, I understand and wish to continue</span>",1,NA,1,NA,1,4,6,5,5,4,4,5,5,3,"White","No","Take a walk around campus.  Do not talk with one another.","Male","",20,"FL_7","race|hispanic/latino|memory|gender|age","1|2|6|5",32.88070679,-117.2359009,-1,4,5,6,5,5,4,4,"imagined"
0018-07-12 12:34:00,0018-07-12 12:35:00,24425,"neutral",1,1,"<span style=""font-size:19px;"">Yes, I understand and wish to continue</span>",1,NA,1,NA,1,6,5,2,2,5,4,4,5,3,"White","No","Take a walk around campus.  Do not talk with one another.","Female","",19,"FL_7","race|hispanic/latino|gender|memory|age","1|6|2|5",32.88070679,-117.2359009,-1,1,5,5,2,2,5,4,"imagined"
0018-07-12 13:48:00,0018-07-12 13:51:00,26568,"neutral",1,1,"<span style=""font-size:19px;"">Yes, I understand and wish to continue</span>",1,NA,1,NA,1,2,3,3,1,3,4,1,3,3,"Asian","No","Take a walk around campus.  Do not talk with one another.","Female","",18,"FL_7","race|hispanic/latino|age|memory|gender","6|2|5|1",32.88070679,-117.2359009,-1,3,3,3,3,1,3,4,"imagined"
0018-07-12 13:50:00,0018-07-12 13:53:00,25755,"neutral",1,1,"<span style=""font-size:19px;"">Yes, I understand and wish to continue</span>",1,NA,1,NA,1,5,6,2,5,6,5,2,5,3,"Asian","No","Take a walk around campus.  Do not talk with one another.","Female","",20,"FL_7","race|hispanic/latino|memory|gender|age","5|6|2|1",32.88070679,-117.2359009,-1,3,5,6,2,5,6,5,"imagined"
0018-07-12 16:28:00,0018-07-12 16:31:00,17558,"neutral",1,1,"<span style=""font-size:19px;"">Yes, I understand and wish to continue</span>",1,NA,1,NA,1,4,3,7,2,7,4,4,7,3,"Asian","No","Take a walk around campus.  Do not talk with one another.","Male","",22,"FL_7","race|hispanic/latino|age|memory|gender","2|5|1|6",32.88070679,-117.2359009,-1,3,7,3,7,2,7,4,"imagined"
0018-07-12 18:42:00,0018-07-12 18:48:00,20607,"neutral",1,1,"<span style=""font-size:19px;"">Yes, I understand and wish to continue</span>",1,NA,1,NA,1,4,6,6,4,6,2,4,5,3,"Prefer not to say","Yes","Take a walk around campus.  Do not talk with one another.","Female","",19,"FL_7","race|hispanic/latino|gender|age|memory","1|5|2|6",32.86669922,-117.2481003,-1,6,5,6,6,4,6,2,"imagined"
0018-07-12 19:35:00,0018-07-12 19:38:00,14006,"neutral",1,1,"<span style=""font-size:19px;"">Yes, I understand and wish to continue</span>",1,NA,1,NA,1,1,1,1,1,1,4,1,7,3,"Asian","No","Take a walk around campus.  Do not talk with one another.","Female","",22,"FL_7","race|hispanic/latino|memory|age|gender","6|2|5|1",32.85940552,-117.2072983,-1,3,7,1,1,1,1,4,"imagined"
0018-07-12 19:46:00,0018-07-12 19:49:00,26607,"neutral",1,1,"<span style=""font-size:19px;"">Yes, I understand and wish to continue</span>",1,NA,1,NA,1,3,1,1,1,6,2,6,5,3,"White","No","Take a walk around campus.  Do not talk with one another.","Female","",25,"FL_7","race|hispanic/latino|memory|gender|age","2|6|5|1",32.79769897,-117.2335052,-1,3,5,1,1,1,6,2,"imagined"
0018-07-12 20:33:00,0018-07-12 20:37:00,17029,"neutral",1,1,"<span style=""font-size:19px;"">Yes, I understand and wish to continue</span>",1,NA,1,NA,1,5,5,4,4,6,3,4,5,3,"White","No","Take a walk around campus.  Do not talk with one another.","Female","",20,"FL_7","race|hispanic/latino|gender|age|memory","6|2|1|5",32.85940552,-117.2072983,-1,4,5,5,4,4,6,3,"imagined"
0018-07-12 20:35:00,0018-07-12 20:38:00,20449,"neutral",1,1,"<span style=""font-size:19px;"">Yes, I understand and wish to continue</span>",1,NA,1,NA,1,4,3,3,2,3,3,2,5,3,"White","No","Take a walk around campus.  Do not talk with one another.","Female","",20,"FL_7","race|hispanic/latino|gender|memory|age","2|5|6|1",32.85940552,-117.2072983,-1,3,5,3,3,2,3,3,"imagined"
0018-07-13 03:28:00,0018-07-13 03:34:00,24038,"neutral",1,1,"<span style=""font-size:19px;"">Yes, I understand and wish to continue</span>",1,NA,1,NA,1,4,4,4,5,5,3,5,4,3,"Asian","No","Take a walk around campus.  Do not talk with one another.","Other","allsoul",35,"FL_7","race|hispanic/latino|age|gender|memory","2|1|5|6",32.80729675,-117.1324005,-1,6,4,4,4,5,5,3,"imagined"
0018-07-13 03:52:00,0018-07-13 03:54:00,21460,"neutral",1,1,"<span style=""font-size:19px;"">Yes, I understand and wish to continue</span>",1,NA,1,NA,1,6,6,5,3,7,3,4,7,3,"Asian","No","Take a walk around campus.  Do not talk with one another.","Male","",21,"FL_7","race|hispanic/latino|memory|gender|age","6|5|2|1",32.85940552,-117.2072983,-1,2,7,6,5,3,7,3,"imagined"
0018-07-13 10:37:00,0018-07-13 10:39:00,19746,"neutral",1,1,"<span style=""font-size:19px;"">Yes, I understand and wish to continue</span>",1,NA,1,NA,1,1,3,1,3,5,2,1,1,3,"Prefer not to say","Yes","Take a walk around campus.  Do not talk with one another.","Male","",22,"FL_7","race|hispanic/latino|age|memory|gender","5|6|2|1",32.77510071,-117.0762024,-1,2,1,3,1,3,5,2,"imagined"
0018-07-13 14:35:00,0018-07-13 14:37:00,18765,"neutral",1,1,"<span style=""font-size:19px;"">Yes, I understand and wish to continue</span>",1,NA,1,NA,1,5,5,3,3,2,4,4,3,3,"White","No","Take a walk around campus.  Do not talk with one another.","Female","",29,"FL_7","race|hispanic/latino|memory|gender|age","6|5|1|2",32.86669922,-117.2481003,-1,2,3,5,3,3,2,4,"imagined"
0018-07-13 19:46:00,0018-07-13 19:49:00,20920,"neutral",1,1,"<span style=""font-size:19px;"">Yes, I understand and wish to continue</span>",1,NA,1,NA,1,3,2,2,2,2,4,4,4,3,"Asian","No","Take a walk around campus.  Do not talk with one another.","Female","",20,"FL_7","race|hispanic/latino|age|gender|memory","2|6|1|5",32.85940552,-117.2072983,-1,3,4,2,2,2,2,4,"imagined"
0018-07-13 23:15:00,0018-07-13 23:22:00,26620,"neutral",1,1,"<span style=""font-size:19px;"">Yes, I understand and wish to continue</span>",1,NA,1,NA,1,2,3,2,5,5,4,3,4,3,"Asian","No","Take a walk around campus.  Do not talk with one another.","Male","",20,"FL_7","race|hispanic/latino|age|memory|gender","2|1|5|6",32.85940552,-117.2072983,-1,7,4,3,2,5,5,4,"imagined"
0018-07-14 11:07:00,0018-07-14 11:11:00,24725,"neutral",1,1,"<span style=""font-size:19px;"">Yes, I understand and wish to continue</span>",1,NA,1,NA,1,3,3,2,3,3,3,1,3,3,"White","No","Take a walk around campus.  Do not talk with one another.","Male","",23,"FL_7","race|hispanic/latino|memory|gender|age","2|6|1|5",32.88070679,-117.2359009,-1,4,3,3,2,3,3,3,"imagined"
0018-07-14 13:25:00,0018-07-14 13:27:00,19886,"neutral",1,1,"<span style=""font-size:19px;"">Yes, I understand and wish to continue</span>",1,NA,1,NA,1,5,3,1,1,2,1,5,5,3,"White","No","Take a walk around campus.  Do not talk with one another.","Female","",20,"FL_7","race|hispanic/latino|age|gender|memory","5|2|1|6",32.85940552,-117.2072983,-1,2,5,3,1,1,2,1,"imagined"
0018-07-14 14:00:00,0018-07-14 14:02:00,20797,"neutral",1,1,"<span style=""font-size:19px;"">Yes, I understand and wish to continue</span>",1,NA,1,NA,1,4,4,4,4,4,4,4,5,3,"More than One Race","Yes","Take a walk around campus.  Do not talk with one another.","Female","",22,"FL_7","race|hispanic/latino|memory|age|gender","6|2|1|5",33.90710449,-118.0766983,-1,2,5,4,4,4,4,4,"imagined"
0018-07-14 21:58:00,0018-07-14 22:00:00,10831,"neutral",1,1,"<span style=""font-size:19px;"">Yes, I understand and wish to continue</span>",1,NA,1,NA,1,5,4,3,3,3,4,5,3,3,"Asian","No","Take a walk around campus.  Do not talk with one another.","Female","",23,"FL_7","race|hispanic/latino|age|gender|memory","1|6|5|2",32.88969421,-117.1335983,-1,2,3,4,3,3,3,4,"imagined"
0018-07-14 23:35:00,0018-07-14 23:40:00,19577,"neutral",1,1,"<span style=""font-size:19px;"">Yes, I understand and wish to continue</span>",1,NA,1,NA,1,5,6,5,4,4,4,1,5,3,"White","No","Take a walk around campus.  Do not talk with one another.","Female","",21,"FL_7","race|hispanic/latino|gender|memory|age","2|1|5|6",32.80729675,-117.1324005,-1,5,5,6,5,4,4,4,"imagined"
0018-07-15 12:37:00,0018-07-15 12:39:00,16865,"neutral",1,1,"<span style=""font-size:19px;"">Yes, I understand and wish to continue</span>",1,NA,1,NA,1,2,2,1,1,2,2,2,1,3,"More than One Race","No","Take a walk around campus.  Do not talk with one another.","Female","",21,"FL_7","race|hispanic/latino|age|gender|memory","5|6|1|2",32.85940552,-117.2072983,-1,2,1,2,1,1,2,2,"imagined"
0018-07-15 16:17:00,0018-07-15 16:18:00,25528,"neutral",1,1,"<span style=""font-size:19px;"">Yes, I understand and wish to continue</span>",1,NA,1,NA,1,2,5,5,3,5,4,4,4,3,"White","No","Take a walk around campus.  Do not talk with one another.","Male","",19,"FL_7","race|hispanic/latino|memory|gender|age","6|1|5|2",32.8072052,-117.1649017,-1,1,4,5,5,3,5,4,"imagined"
0018-07-15 19:50:00,0018-07-15 19:52:00,25901,"neutral",1,1,"<span style=""font-size:19px;"">Yes, I understand and wish to continue</span>",1,NA,1,NA,1,3,3,3,1,1,5,3,4,3,"White","Yes","Take a walk around campus.  Do not talk with one another.","Female","",19,"FL_7","race|hispanic/latino|age|memory|gender","6|1|5|2",32.63609314,-117.0531998,-1,2,4,3,3,1,1,5,"imagined"
0018-07-15 21:59:00,0018-07-15 22:00:00,21387,"neutral",1,1,"<span style=""font-size:19px;"">Yes, I understand and wish to continue</span>",1,NA,1,NA,1,5,2,3,1,6,4,5,2,3,"Asian","No","Take a walk around campus.  Do not talk with one another.","Female","",22,"FL_7","race|hispanic/latino|gender|memory|age","2|6|1|5",32.85940552,-117.2072983,-1,1,2,2,3,1,6,4,"imagined"
0018-07-15 22:46:00,0018-07-15 22:50:00,23652,"neutral",1,1,"<span style=""font-size:19px;"">Yes, I understand and wish to continue</span>",1,NA,1,NA,1,5,3,3,4,6,4,2,5,3,"Asian","No","Take a walk around campus.  Do not talk with one another.","Female","",22,"FL_7","race|hispanic/latino|age|memory|gender","6|1|5|2",32.85940552,-117.2072983,-1,4,5,3,3,4,6,4,"imagined"
0018-07-15 23:13:00,0018-07-15 23:15:00,26632,"neutral",1,1,"<span style=""font-size:19px;"">Yes, I understand and wish to continue</span>",1,NA,1,NA,1,7,2,3,3,6,5,4,6,3,"Asian","No","Take a walk around campus.  Do not talk with one another.","Male","",23,"FL_7","race|hispanic/latino|age|memory|gender","6|2|5|1",32.85940552,-117.2072983,-1,2,6,2,3,3,6,5,"imagined"
0018-07-16 00:02:00,0018-07-16 00:04:00,21542,"neutral",1,1,"<span style=""font-size:19px;"">Yes, I understand and wish to continue</span>",1,NA,1,NA,1,4,1,1,2,2,2,6,4,3,"Asian","No","Take a walk around campus.  Do not talk with one another.","Male","",21,"FL_7","race|hispanic/latino|age|memory|gender","6|2|1|5",32.88969421,-117.1335983,-1,2,4,1,1,2,2,2,"imagined"
0018-07-16 10:23:00,0018-07-16 10:24:00,17186,"neutral",1,1,"<span style=""font-size:19px;"">Yes, I understand and wish to continue</span>",1,NA,1,NA,1,4,6,2,2,5,4,4,4,3,"Asian","No","Take a walk around campus.  Do not talk with one another.","Female","",20,"FL_7","race|hispanic/latino|gender|memory|age","2|5|6|1",32.88070679,-117.2359009,-1,1,4,6,2,2,5,4,"imagined"
0018-07-16 10:44:00,0018-07-16 10:46:00,26612,"neutral",1,1,"<span style=""font-size:19px;"">Yes, I understand and wish to continue</span>",1,NA,1,NA,1,4,3,3,2,3,3,2,5,3,"White","No","Take a walk around campus.  Do not talk with one another.","Male","",22,"FL_7","race|hispanic/latino|age|gender|memory","1|2|6|5",32.88070679,-117.2359009,-1,2,5,3,3,2,3,3,"imagined"
0018-07-16 13:11:00,0018-07-16 13:13:00,24443,"neutral",1,1,"<span style=""font-size:19px;"">Yes, I understand and wish to continue</span>",1,NA,1,NA,1,5,5,2,2,2,4,2,3,3,"Asian","No","Take a walk around campus.  Do not talk with one another.","Female","",19,"FL_7","race|hispanic/latino|gender|memory|age","6|1|2|5",32.88070679,-117.2359009,-1,2,3,5,2,2,2,4,"imagined"
0018-07-16 14:04:00,0018-07-16 14:06:00,26618,"neutral",1,1,"<span style=""font-size:19px;"">Yes, I understand and wish to continue</span>",1,NA,1,NA,1,5,2,2,2,5,3,4,5,3,"White","Yes","Take a walk around campus.  Do not talk with one another.","Female","",18,"FL_7","race|hispanic/latino|memory|age|gender","5|1|2|6",32.88070679,-117.2359009,-1,2,5,2,2,2,5,3,"imagined"
0018-07-16 16:04:00,0018-07-16 16:06:00,12997,"neutral",1,1,"<span style=""font-size:19px;"">Yes, I understand and wish to continue</span>",1,NA,1,NA,1,4,3,4,3,5,4,4,4,3,"More than One Race","Yes","Take a walk around campus.  Do not talk with one another.","Female","",22,"FL_7","race|hispanic/latino|memory|gender|age","6|5|1|2",32.88070679,-117.2359009,-1,2,4,3,4,3,5,4,"imagined"
0018-07-16 16:12:00,0018-07-16 16:14:00,20977,"neutral",1,1,"<span style=""font-size:19px;"">Yes, I understand and wish to continue</span>",1,NA,1,NA,1,3,1,1,3,3,2,5,3,3,"Asian","No","Take a walk around campus.  Do not talk with one another.","Male","",21,"FL_7","race|hispanic/latino|age|memory|gender","1|2|5|6",32.88070679,-117.2359009,-1,2,3,1,1,3,3,2,"imagined"
0018-07-16 16:20:00,0018-07-16 16:24:00,18876,"neutral",1,1,"<span style=""font-size:19px;"">Yes, I understand and wish to continue</span>",1,NA,1,NA,1,5,3,2,2,2,5,2,4,3,"Prefer not to say","Yes","Take a walk around campus.  Do not talk with one another.","Female","",19,"FL_7","race|hispanic/latino|gender|age|memory","5|6|1|2",32.88070679,-117.2359009,-1,4,4,3,2,2,2,5,"imagined"
0018-07-17 00:04:00,0018-07-17 00:08:00,21042,"neutral",1,1,"<span style=""font-size:19px;"">Yes, I understand and wish to continue</span>",1,NA,1,NA,1,3,4,2,2,3,4,2,2,3,"Asian","No","Take a walk around campus.  Do not talk with one another.","Female","",19,"FL_7","race|hispanic/latino|memory|gender|age","1|2|6|5",32.81829834,-117.1966019,-1,4,2,4,2,2,3,4,"imagined"
0018-07-17 12:04:00,0018-07-17 12:08:00,23479,"neutral",1,1,"<span style=""font-size:19px;"">Yes, I understand and wish to continue</span>",1,NA,1,NA,1,2,3,2,1,5,4,5,3,3,"Asian","No","Take a walk around campus.  Do not talk with one another.","Female","",22,"FL_7","race|hispanic/latino|gender|memory|age","1|2|5|6",32.88070679,-117.2359009,-1,4,3,3,2,1,5,4,"imagined"
0018-07-17 13:05:00,0018-07-17 13:07:00,23028,"neutral",1,1,"<span style=""font-size:19px;"">Yes, I understand and wish to continue</span>",1,NA,1,NA,1,4,4,3,2,4,4,5,4,3,"Asian","No","Take a walk around campus.  Do not talk with one another.","Female","",19,"FL_7","race|hispanic/latino|memory|age|gender","6|5|1|2",32.88070679,-117.2359009,-1,2,4,4,3,2,4,4,"imagined"
0018-07-17 16:20:00,0018-07-17 16:23:00,11581,"neutral",1,1,"<span style=""font-size:19px;"">Yes, I understand and wish to continue</span>",1,NA,1,NA,1,3,4,1,3,1,2,2,2,3,"Asian","No","Take a walk around campus.  Do not talk with one another.","Male","",22,"FL_7","race|hispanic/latino|gender|memory|age","2|1|5|6",32.85940552,-117.2072983,-1,3,2,4,1,3,1,2,"imagined"
0018-07-17 20:37:00,0018-07-17 20:39:00,21437,"neutral",1,1,"<span style=""font-size:19px;"">Yes, I understand and wish to continue</span>",1,NA,1,NA,1,5,5,3,2,4,2,5,5,3,"Asian","No","Take a walk around campus.  Do not talk with one another.","Female","",21,"FL_7","race|hispanic/latino|age|memory|gender","6|5|2|1",32.90170288,-116.8932953,-1,2,5,5,3,2,4,2,"imagined"
0018-07-17 23:50:00,0018-07-17 23:52:00,23327,"neutral",1,1,"<span style=""font-size:19px;"">Yes, I understand and wish to continue</span>",1,NA,1,NA,1,2,6,4,4,7,3,6,4,3,"More than One Race","No","Take a walk around campus.  Do not talk with one another.","Female","",21,"FL_7","race|hispanic/latino|gender|memory|age","5|6|1|2",32.85940552,-117.2072983,-1,2,4,6,4,4,7,3,"imagined"
0018-07-18 00:48:00,0018-07-18 00:50:00,20245,"neutral",1,1,"<span style=""font-size:19px;"">Yes, I understand and wish to continue</span>",1,NA,1,NA,1,5,4,4,3,4,4,5,5,3,"Asian","No","Take a walk around campus.  Do not talk with one another.","Female","",20,"FL_7","race|hispanic/latino|memory|age|gender","2|1|6|5",32.88070679,-117.2359009,-1,2,5,4,4,3,4,4,"imagined"
0018-07-18 14:00:00,0018-07-18 14:06:00,13863,"neutral",1,1,"<span style=""font-size:19px;"">Yes, I understand and wish to continue</span>",1,NA,1,NA,1,4,2,1,4,5,4,4,6,3,"Asian","No","Take a walk around campus.  Do not talk with one another.","Female","",25,"FL_7","race|hispanic/latino|gender|age|memory","1|2|5|6",32.88070679,-117.2359009,-1,6,6,2,1,4,5,4,"imagined"
0018-07-18 18:23:00,0018-07-18 18:26:00,22303,"neutral",1,1,"<span style=""font-size:19px;"">Yes, I understand and wish to continue</span>",1,NA,1,NA,1,3,5,4,4,3,4,2,3,3,"Asian","No","Take a walk around campus.  Do not talk with one another.","Female","",20,"FL_7","race|hispanic/latino|memory|age|gender","6|2|5|1",32.85940552,-117.2072983,-1,3,3,5,4,4,3,4,"imagined"
0018-07-18 18:33:00,0018-07-18 18:36:00,17353,"neutral",1,1,"<span style=""font-size:19px;"">Yes, I understand and wish to continue</span>",1,NA,1,NA,1,4,6,3,4,5,4,5,3,3,"Asian","No","Take a walk around campus.  Do not talk with one another.","Female","",21,"FL_7","race|hispanic/latino|gender|age|memory","6|1|5|2",32.85940552,-117.2072983,-1,3,3,6,3,4,5,4,"imagined"
0018-07-19 13:05:00,0018-07-19 13:06:00,23021,"neutral",1,1,"<span style=""font-size:19px;"">Yes, I understand and wish to continue</span>",1,NA,1,NA,1,4,1,1,1,1,2,5,5,3,"Asian","No","Take a walk around campus.  Do not talk with one another.","Female","",20,"FL_7","race|hispanic/latino|gender|memory|age","6|5|1|2",32.88070679,-117.2359009,-1,1,5,1,1,1,1,2,"imagined"
0018-07-19 13:09:00,0018-07-19 13:12:00,25554,"neutral",1,1,"<span style=""font-size:19px;"">Yes, I understand and wish to continue</span>",1,NA,1,NA,1,3,2,1,1,2,4,4,2,3,"White","Yes","Take a walk around campus.  Do not talk with one another.","Female","",20,"FL_7","race|hispanic/latino|age|gender|memory","6|1|2|5",32.88070679,-117.2359009,-1,3,2,2,1,1,2,4,"imagined"
0018-08-15 16:46:00,0018-08-15 16:49:00,15288,"neutral",1,1,"<span style=""font-size:19px;"">Yes, I understand and wish to continue</span>",1,NA,1,NA,1,5,6,3,3,7,2,6,4,3,"Prefer not to say","Prefer not to say","Take a walk around campus.  Do not talk with one another.","Female","",21,"FL_7","race|hispanic/latino|gender|memory|age","6|1|5|2",32.88070679,-117.2359009,-1,3,4,6,3,3,7,2,"imagined"
0018-08-16 10:26:00,0018-08-16 10:28:00,26702,"neutral",1,1,"<span style=""font-size:19px;"">Yes, I understand and wish to continue</span>",1,NA,1,NA,1,6,3,3,3,5,4,1,6,3,"Asian","No","Take a walk around campus.  Do not talk with one another.","Male","",19,"FL_7","race|hispanic/latino|gender|age|memory","5|1|2|6",32.86669922,-117.2481003,-1,2,6,3,3,3,5,4,"imagined"
0018-08-16 16:39:00,0018-08-16 16:42:00,17993,"neutral",1,1,"<span style=""font-size:19px;"">Yes, I understand and wish to continue</span>",1,NA,1,NA,1,3,5,3,3,4,4,5,5,3,"Asian","No","Take a walk around campus.  Do not talk with one another.","Female","",21,"FL_7","race|hispanic/latino|gender|age|memory","6|1|2|5",32.88070679,-117.2359009,-1,3,5,5,3,3,4,4,"imagined"
0018-08-17 14:37:00,0018-08-17 14:39:00,25406,"neutral",1,1,"<span style=""font-size:19px;"">Yes, I understand and wish to continue</span>",1,NA,1,NA,1,2,4,3,3,3,3,1,4,3,"White","Yes","Take a walk around campus.  Do not talk with one another.","Male","",21,"FL_7","race|hispanic/latino|gender|memory|age","5|2|1|6",32.85940552,-117.2072983,-1,2,4,4,3,3,3,3,"imagined"
0018-08-17 17:35:00,0018-08-17 17:38:00,26738,"neutral",1,1,"<span style=""font-size:19px;"">Yes, I understand and wish to continue</span>",1,NA,1,NA,1,3,4,5,3,3,6,2,2,3,"Asian","No","Take a walk around campus.  Do not talk with one another.","Male","",19,"FL_7","race|hispanic/latino|gender|age|memory","5|6|2|1",32.88969421,-117.1335983,-1,3,2,4,5,3,3,6,"imagined"
0018-08-17 22:42:00,0018-08-17 22:45:00,19132,"neutral",1,1,"<span style=""font-size:19px;"">Yes, I understand and wish to continue</span>",1,NA,1,NA,1,7,6,2,2,6,2,6,6,3,"Asian","No","Take a walk around campus.  Do not talk with one another.","Male","",20,"FL_7","race|hispanic/latino|age|memory|gender","2|6|5|1",32.85940552,-117.2072983,-1,3,6,6,2,2,6,2,"imagined"
0018-08-18 11:29:00,0018-08-18 11:33:00,24462,"neutral",1,1,"<span style=""font-size:19px;"">Yes, I understand and wish to continue</span>",1,NA,1,NA,1,4,6,5,2,1,5,3,6,3,"White","No","Take a walk around campus.  Do not talk with one another.","Female","",30,"FL_7","race|hispanic/latino|memory|age|gender","2|1|6|5",32.67070007,-117.0946045,-1,4,6,6,5,2,1,5,"imagined"
0018-08-20 00:24:00,0018-08-20 00:25:00,16891,"neutral",1,1,"<span style=""font-size:19px;"">Yes, I understand and wish to continue</span>",1,NA,1,NA,1,3,2,3,2,5,3,4,3,3,"Asian","No","Take a walk around campus.  Do not talk with one another.","Female","",22,"FL_7","race|hispanic/latino|memory|age|gender","5|6|1|2",32.71099854,-117.0534973,-1,1,3,2,3,2,5,3,"imagined"
0018-08-20 22:21:00,0018-08-20 22:22:00,19759,"neutral",1,1,"<span style=""font-size:19px;"">Yes, I understand and wish to continue</span>",1,NA,1,NA,1,4,2,2,5,5,4,4,5,3,"Asian","No","Take a walk around campus.  Do not talk with one another.","Male","",23,"FL_7","race|hispanic/latino|memory|age|gender","2|1|6|5",32.96560669,-117.1269989,-1,1,5,2,2,5,5,4,"imagined"
0018-08-22 18:28:00,0018-08-22 18:33:00,18659,"neutral",1,1,"<span style=""font-size:19px;"">Yes, I understand and wish to continue</span>",1,NA,1,NA,1,6,4,1,4,7,4,7,6,3,"Prefer not to say","Yes","Take a walk around campus.  Do not talk with one another.","Other","why is hispanic/latino in a different option as race?",22,"FL_7","race|hispanic/latino|gender|memory|age","2|5|6|1",33.76930237,-117.8796997,-1,5,6,4,1,4,7,4,"imagined"
0018-08-22 22:08:00,0018-08-22 22:11:00,18133,"neutral",1,1,"<span style=""font-size:19px;"">Yes, I understand and wish to continue</span>",1,NA,1,NA,1,6,4,3,5,2,2,1,7,3,"White","Yes","Take a walk around campus.  Do not talk with one another.","Male","",21,"FL_7","race|hispanic/latino|memory|age|gender","1|5|6|2",34.12809753,-118.289299,-1,3,7,4,3,5,2,2,"imagined"
0018-08-23 23:54:00,0018-08-23 23:56:00,26748,"neutral",1,1,"<span style=""font-size:19px;"">Yes, I understand and wish to continue</span>",1,NA,1,NA,1,4,5,2,1,2,3,5,4,3,"More than One Race","Yes","Take a walk around campus.  Do not talk with one another.","Female","",18,"FL_7","race|hispanic/latino|memory|gender|age","1|5|2|6",37.75100708,-97.8219986,-1,2,4,5,2,1,2,3,"imagined"
0018-08-24 21:10:00,0018-08-24 21:12:00,14928,"neutral",1,1,"<span style=""font-size:19px;"">Yes, I understand and wish to continue</span>",1,NA,1,NA,1,5,3,2,2,3,4,6,5,3,"White","Yes","Take a walk around campus.  Do not talk with one another.","Female","",22,"FL_7","race|hispanic/latino|memory|gender|age","5|2|1|6",32.86669922,-117.2481003,-1,2,5,3,2,2,3,4,"imagined"
0018-08-25 21:53:00,0018-08-25 21:57:00,23606,"neutral",1,1,"<span style=""font-size:19px;"">Yes, I understand and wish to continue</span>",1,NA,1,NA,1,3,3,3,4,3,4,3,3,3,"More than One Race","No","Take a walk around campus.  Do not talk with one another.","Male","",20,"FL_7","race|hispanic/latino|memory|gender|age","5|1|2|6",32.81829834,-117.1966019,-1,4,3,3,3,4,3,4,"imagined"
0018-08-26 19:52:00,0018-08-26 19:56:00,23500,"neutral",1,1,"<span style=""font-size:19px;"">Yes, I understand and wish to continue</span>",1,NA,1,NA,1,5,7,6,4,5,4,4,6,3,"Asian","No","Take a walk around campus.  Do not talk with one another.","Male","",24,"FL_7","race|hispanic/latino|memory|gender|age","6|1|5|2",32.85940552,-117.2072983,-1,4,6,7,6,4,5,4,"imagined"
0018-08-27 14:59:00,0018-08-27 15:04:00,25055,"neutral",1,1,"<span style=""font-size:19px;"">Yes, I understand and wish to continue</span>",1,NA,1,NA,1,5,3,2,3,6,2,4,5,3,"Prefer not to say","Yes","Take a walk around campus.  Do not talk with one another.","Female","",23,"FL_7","race|hispanic/latino|gender|age|memory","1|2|5|6",32.85940552,-117.2072983,-1,5,5,3,2,3,6,2,"imagined"
0018-08-27 17:45:00,0018-08-27 17:48:00,24690,"neutral",1,1,"<span style=""font-size:19px;"">Yes, I understand and wish to continue</span>",1,NA,1,NA,1,2,5,5,4,5,3,5,5,3,"White","No","Take a walk around campus.  Do not talk with one another.","Female","",19,"FL_7","race|hispanic/latino|gender|memory|age","2|5|1|6",32.88070679,-117.2359009,-1,3,5,5,5,4,5,3,"imagined"
0018-08-27 18:33:00,0018-08-27 18:36:00,23470,"neutral",1,1,"<span style=""font-size:19px;"">Yes, I understand and wish to continue</span>",1,NA,1,NA,1,7,6,3,2,3,2,4,6,3,"White","No","Take a walk around campus.  Do not talk with one another.","Female","",20,"FL_7","race|hispanic/latino|memory|gender|age","5|6|1|2",32.88070679,-117.2359009,-1,3,6,6,3,2,3,2,"imagined"
0018-08-27 19:10:00,0018-08-27 19:13:00,22749,"neutral",1,1,"<span style=""font-size:19px;"">Yes, I understand and wish to continue</span>",1,NA,1,NA,1,4,5,3,2,6,3,6,1,3,"Asian","No","Take a walk around campus.  Do not talk with one another.","Male","",19,"FL_7","race|hispanic/latino|gender|memory|age","1|5|6|2",32.85940552,-117.2072983,-1,3,1,5,3,2,6,3,"imagined"
0018-08-28 11:59:00,0018-08-28 12:01:00,19951,"neutral",1,1,"<span style=""font-size:19px;"">Yes, I understand and wish to continue</span>",1,NA,1,NA,1,7,7,6,4,5,4,6,3,3,"White","Yes","Take a walk around campus.  Do not talk with one another.","Female","",21,"FL_7","race|hispanic/latino|memory|gender|age","1|5|2|6",32.88070679,-117.2359009,-1,2,3,7,6,4,5,4,"imagined"
